{
  "title": "Rock",
  "render": {
    "animations": {
      "idle": [
        {
          "shapes": [
            {
              "type": "tetrahedron",
              "size": 16,
              "color": "#666666",
              "x": 3.5,
              "y": 2,
              "z": 2.5,
              "rotationX": 50,
              "rotationY": 140,
              "rotationZ": 10
            },
            {
              "type": "tetrahedron",
              "size": 12,
              "color": "#5b5b5b",
              "x": 10.5,
              "y": 2,
              "z": 7.5,
              "rotationX": 50,
              "rotationY": 150,
              "rotationZ": 10
            }
          ]
        }
      ]
    }
  }
}