{
  "title": "Tree",
  "render": {
    "animations": {
      "idle": [
        {
          "shapes": [
            {
              "type": "cylinder",
              "size": 10,
              "color": "#733f17",
              "x": 0,
              "y": 10.625,
              "z": 0,
              "rotationX": 0,
              "rotationY": 0,
              "rotationZ": 0,
              "height": 20
            },
            {
              "type": "cone",
              "size": 40,
              "color": "#018314",
              "x": 0,
              "y": 50.625,
              "z": 0,
              "rotationX": 0,
              "rotationY": 0,
              "rotationZ": 0,
              "height": 60
            },
            {
              "type": "cone",
              "size": 35,
              "color": "#018314",
              "x": 0,
              "y": 60.625,
              "z": 0,
              "rotationX": 0,
              "rotationY": 0,
              "rotationZ": 0,
              "height": 40
            },
            {
              "type": "cone",
              "size": 15,
              "color": "#018314",
              "x": 0,
              "y": 75.625,
              "z": 0,
              "rotationX": 0,
              "rotationY": 0,
              "rotationZ": 0,
              "height": 15
            }
          ]
        }
      ]
    }
  }
}