{
  "level": "level1",
  "enemies": [],
  "bloodShards": 200,
  "essence": 0,
  "essenceToNextLevel": 100,
  "bloodCoreHP": 1000,
  "mousePosition": "{ x: 0, y: 0, isoX: 0, isoY: 0, gridX: 0, gridY: 0 }",
  "towers": [],
  "projectiles": [],
  "summons": "[]",
  "others": "[]",
  "waveSets": [],
  "currentWaveIds": "[]",
  "currentWaveEnemies": "[]",
  "enemiesSpawned": "[]",
  "wave": "",
  "isPaused": true,
  "isLevelingUp": false,
  "timeScale": 1,
  "gameOver": false,
  "victory": false,
  "round": 0,
  "waveDelay": 1,
  "modifierSet": "global"
}