{
  "title": "Drone",
  "info": "Raise the dead.",
  "drawOffsetY": -12,
  "population": 1,
  "range": 2,
  "damage": 5,
  "attackSpeed": 1,
  "projectile": "neutronFragment",
  "critMultiplier": 1,
  "lifeSpan": 5,
  "render": {
    "animations": {
      "idle": [
        {
          "shapes": [
            {
              "type": "sphere",
              "size": 7.5,
              "x": 0,
              "y": 33.85714285714286,
              "z": 0,
              "color": "#3D3D3D"
            },
            {
              "type": "torus",
              "size": 9,
              "tubeSize": 1.5,
              "x": 0,
              "y": 33.85714285714286,
              "z": 0,
              "rotationX": 90,
              "color": "#00FFAA"
            },
            {
              "type": "torus",
              "size": 9,
              "tubeSize": 1.5,
              "x": 0,
              "y": 33.85714285714286,
              "z": 0,
              "rotationY": 90,
              "color": "#00FFAA"
            },
            {
              "type": "cylinder",
              "size": 3,
              "height": 1.5,
              "x": 0,
              "y": 38.35714285714286,
              "z": 0,
              "color": "#505050"
            },
            {
              "type": "sphere",
              "size": 2.25,
              "x": 0,
              "y": 39.85714285714286,
              "z": 0,
              "color": "#00FFDD"
            },
            {
              "type": "cylinder",
              "size": 12,
              "height": 0.75,
              "x": 0,
              "y": 32.35714285714286,
              "z": 0,
              "rotationX": 90,
              "rotationY": 0,
              "color": "#404040"
            },
            {
              "type": "cylinder",
              "size": 12,
              "height": 0.75,
              "x": 0,
              "y": 32.35714285714286,
              "z": 0,
              "rotationX": 90,
              "rotationY": 90,
              "color": "#404040"
            },
            {
              "type": "cylinder",
              "size": 3,
              "height": 0.75,
              "x": 10.5,
              "y": 32.35714285714286,
              "z": 10.5,
              "color": "#505050"
            },
            {
              "type": "cylinder",
              "size": 3,
              "height": 0.75,
              "x": -10.5,
              "y": 32.35714285714286,
              "z": 10.5,
              "color": "#505050"
            },
            {
              "type": "cylinder",
              "size": 3,
              "height": 0.75,
              "x": 10.5,
              "y": 32.35714285714286,
              "z": -10.5,
              "color": "#505050"
            },
            {
              "type": "cylinder",
              "size": 3,
              "height": 0.75,
              "x": -10.5,
              "y": 32.35714285714286,
              "z": -10.5,
              "color": "#505050"
            },
            {
              "type": "torus",
              "size": 4.5,
              "tubeSize": 0.75,
              "x": 10.5,
              "y": 33.10714285714286,
              "z": 10.5,
              "rotationX": 90,
              "color": "#00FFAA"
            },
            {
              "type": "torus",
              "size": 4.5,
              "tubeSize": 0.75,
              "x": -10.5,
              "y": 33.10714285714286,
              "z": 10.5,
              "rotationX": 90,
              "color": "#00FFAA"
            },
            {
              "type": "torus",
              "size": 4.5,
              "tubeSize": 0.75,
              "x": 10.5,
              "y": 33.10714285714286,
              "z": -10.5,
              "rotationX": 90,
              "color": "#00FFAA"
            },
            {
              "type": "torus",
              "size": 4.5,
              "tubeSize": 0.75,
              "x": -10.5,
              "y": 33.10714285714286,
              "z": -10.5,
              "rotationX": 90,
              "color": "#00FFAA"
            },
            {
              "type": "cylinder",
              "size": 0.75,
              "height": 3,
              "x": 0,
              "y": 30.857142857142858,
              "z": 0,
              "color": "#00FFDD"
            },
            {
              "type": "sphere",
              "size": 1.5,
              "x": 0,
              "y": 29.357142857142858,
              "z": 0,
              "color": "#00FFAA"
            },
            {
              "type": "sphere",
              "size": 0.75,
              "x": 3.75,
              "y": 33.85714285714286,
              "z": 0,
              "color": "#FFFFFF"
            },
            {
              "type": "sphere",
              "size": 0.75,
              "x": -3.75,
              "y": 33.85714285714286,
              "z": 0,
              "color": "#FFFFFF"
            },
            {
              "type": "sphere",
              "size": 0.75,
              "x": 0,
              "y": 33.85714285714286,
              "z": 3.75,
              "color": "#FFFFFF"
            },
            {
              "type": "sphere",
              "size": 0.75,
              "x": 0,
              "y": 33.85714285714286,
              "z": -3.75,
              "color": "#FFFFFF"
            }
          ]
        }
      ],
      "walk": [
        {
          "shapes": [
            {
              "type": "sphere",
              "size": 7.5,
              "x": 0,
              "y": 33.85714285714286,
              "z": 0,
              "color": "#3D3D3D"
            },
            {
              "type": "torus",
              "size": 9,
              "tubeSize": 1.5,
              "x": 0,
              "y": 33.85714285714286,
              "z": 0,
              "rotationX": 90,
              "color": "#00FFAA"
            },
            {
              "type": "torus",
              "size": 9,
              "tubeSize": 1.5,
              "x": 0,
              "y": 33.85714285714286,
              "z": 0,
              "rotationY": 90,
              "color": "#00FFAA"
            },
            {
              "type": "cylinder",
              "size": 3,
              "height": 1.5,
              "x": 0,
              "y": 38.35714285714286,
              "z": 0,
              "color": "#505050"
            },
            {
              "type": "sphere",
              "size": 2.25,
              "x": 0,
              "y": 39.85714285714286,
              "z": 0,
              "color": "#00FFDD"
            },
            {
              "type": "cylinder",
              "size": 12,
              "height": 0.75,
              "x": 0,
              "y": 32.35714285714286,
              "z": 0,
              "rotationX": 90,
              "rotationY": 0,
              "color": "#404040"
            },
            {
              "type": "cylinder",
              "size": 12,
              "height": 0.75,
              "x": 0,
              "y": 32.35714285714286,
              "z": 0,
              "rotationX": 90,
              "rotationY": 90,
              "color": "#404040"
            },
            {
              "type": "cylinder",
              "size": 3,
              "height": 0.75,
              "x": 10.5,
              "y": 32.35714285714286,
              "z": 10.5,
              "color": "#505050"
            },
            {
              "type": "cylinder",
              "size": 3,
              "height": 0.75,
              "x": -10.5,
              "y": 32.35714285714286,
              "z": 10.5,
              "color": "#505050"
            },
            {
              "type": "cylinder",
              "size": 3,
              "height": 0.75,
              "x": 10.5,
              "y": 32.35714285714286,
              "z": -10.5,
              "color": "#505050"
            },
            {
              "type": "cylinder",
              "size": 3,
              "height": 0.75,
              "x": -10.5,
              "y": 32.35714285714286,
              "z": -10.5,
              "color": "#505050"
            },
            {
              "type": "torus",
              "size": 4.5,
              "tubeSize": 0.75,
              "x": 10.5,
              "y": 33.10714285714286,
              "z": 10.5,
              "rotationX": 90,
              "color": "#00FFAA"
            },
            {
              "type": "torus",
              "size": 4.5,
              "tubeSize": 0.75,
              "x": -10.5,
              "y": 33.10714285714286,
              "z": 10.5,
              "rotationX": 90,
              "color": "#00FFAA"
            },
            {
              "type": "torus",
              "size": 4.5,
              "tubeSize": 0.75,
              "x": 10.5,
              "y": 33.10714285714286,
              "z": -10.5,
              "rotationX": 90,
              "color": "#00FFAA"
            },
            {
              "type": "torus",
              "size": 4.5,
              "tubeSize": 0.75,
              "x": -10.5,
              "y": 33.10714285714286,
              "z": -10.5,
              "rotationX": 90,
              "color": "#00FFAA"
            },
            {
              "type": "cylinder",
              "size": 0.75,
              "height": 3,
              "x": 0,
              "y": 30.857142857142858,
              "z": 0,
              "color": "#00FFDD"
            },
            {
              "type": "sphere",
              "size": 1.5,
              "x": 0,
              "y": 29.357142857142858,
              "z": 0,
              "color": "#00FFAA"
            },
            {
              "type": "sphere",
              "size": 0.75,
              "x": 3.75,
              "y": 33.85714285714286,
              "z": 0,
              "color": "#FFFFFF"
            },
            {
              "type": "sphere",
              "size": 0.75,
              "x": -3.75,
              "y": 33.85714285714286,
              "z": 0,
              "color": "#FFFFFF"
            },
            {
              "type": "sphere",
              "size": 0.75,
              "x": 0,
              "y": 33.85714285714286,
              "z": 3.75,
              "color": "#FFFFFF"
            },
            {
              "type": "sphere",
              "size": 0.75,
              "x": 0,
              "y": 33.85714285714286,
              "z": -3.75,
              "color": "#FFFFFF"
            }
          ]
        },
        {
          "shapes": [
            {
              "type": "sphere",
              "size": 7.5,
              "x": 0,
              "y": 33.85714285714286,
              "z": 0,
              "color": "#3D3D3D"
            },
            {
              "type": "torus",
              "size": 9,
              "tubeSize": 1.5,
              "x": 0,
              "y": 33.85714285714286,
              "z": 0,
              "rotationX": 90,
              "color": "#00FFAA"
            },
            {
              "type": "torus",
              "size": 9,
              "tubeSize": 1.5,
              "x": 0,
              "y": 33.85714285714286,
              "z": 0,
              "rotationY": 90,
              "color": "#00FFAA"
            },
            {
              "type": "cylinder",
              "size": 3,
              "height": 1.5,
              "x": 0,
              "y": 38.35714285714286,
              "z": 0,
              "color": "#505050"
            },
            {
              "type": "sphere",
              "size": 2.25,
              "x": 0,
              "y": 39.85714285714286,
              "z": 0,
              "color": "#00FFDD"
            },
            {
              "type": "cylinder",
              "size": 12,
              "height": 0.75,
              "x": 0,
              "y": 32.35714285714286,
              "z": 0,
              "rotationX": 90,
              "rotationY": 0,
              "color": "#404040"
            },
            {
              "type": "cylinder",
              "size": 12,
              "height": 0.75,
              "x": 0,
              "y": 32.35714285714286,
              "z": 0,
              "rotationX": 90,
              "rotationY": 90,
              "color": "#404040"
            },
            {
              "type": "cylinder",
              "size": 3,
              "height": 0.75,
              "x": 10.5,
              "y": 32.35714285714286,
              "z": 10.5,
              "color": "#505050"
            },
            {
              "type": "cylinder",
              "size": 3,
              "height": 0.75,
              "x": -10.5,
              "y": 32.35714285714286,
              "z": 10.5,
              "color": "#505050"
            },
            {
              "type": "cylinder",
              "size": 3,
              "height": 0.75,
              "x": 10.5,
              "y": 32.35714285714286,
              "z": -10.5,
              "color": "#505050"
            },
            {
              "type": "cylinder",
              "size": 3,
              "height": 0.75,
              "x": -10.5,
              "y": 32.35714285714286,
              "z": -10.5,
              "color": "#505050"
            },
            {
              "type": "torus",
              "size": 4.5,
              "tubeSize": 0.75,
              "x": 10.5,
              "y": 33.10714285714286,
              "z": 10.5,
              "rotationX": 90,
              "color": "#00FFAA"
            },
            {
              "type": "torus",
              "size": 4.5,
              "tubeSize": 0.75,
              "x": -10.5,
              "y": 33.10714285714286,
              "z": 10.5,
              "rotationX": 90,
              "color": "#00FFAA"
            },
            {
              "type": "torus",
              "size": 4.5,
              "tubeSize": 0.75,
              "x": 10.5,
              "y": 33.10714285714286,
              "z": -10.5,
              "rotationX": 90,
              "color": "#00FFAA"
            },
            {
              "type": "torus",
              "size": 4.5,
              "tubeSize": 0.75,
              "x": -10.5,
              "y": 33.10714285714286,
              "z": -10.5,
              "rotationX": 90,
              "color": "#00FFAA"
            },
            {
              "type": "cylinder",
              "size": 0.75,
              "height": 3,
              "x": 0,
              "y": 30.857142857142858,
              "z": 0,
              "color": "#00FFDD"
            },
            {
              "type": "sphere",
              "size": 1.5,
              "x": 0,
              "y": 29.357142857142858,
              "z": 0,
              "color": "#00FFAA"
            },
            {
              "type": "sphere",
              "size": 0.75,
              "x": 3.75,
              "y": 33.85714285714286,
              "z": 0,
              "color": "#FFFFFF"
            },
            {
              "type": "sphere",
              "size": 0.75,
              "x": -3.75,
              "y": 33.85714285714286,
              "z": 0,
              "color": "#FFFFFF"
            },
            {
              "type": "sphere",
              "size": 0.75,
              "x": 0,
              "y": 33.85714285714286,
              "z": 3.75,
              "color": "#FFFFFF"
            },
            {
              "type": "sphere",
              "size": 0.75,
              "x": 0,
              "y": 33.85714285714286,
              "z": -3.75,
              "color": "#FFFFFF"
            }
          ]
        },
        {
          "shapes": [
            {
              "type": "sphere",
              "size": 7.5,
              "x": 0,
              "y": 23.85714285714286,
              "z": 0,
              "color": "#3D3D3D"
            },
            {
              "type": "torus",
              "size": 9,
              "tubeSize": 1.5,
              "x": 0,
              "y": 23.85714285714286,
              "z": 0,
              "rotationX": 90,
              "color": "#00FFAA"
            },
            {
              "type": "torus",
              "size": 9,
              "tubeSize": 1.5,
              "x": 0,
              "y": 23.85714285714286,
              "z": 0,
              "rotationY": 90,
              "color": "#00FFAA"
            },
            {
              "type": "cylinder",
              "size": 3,
              "height": 1.5,
              "x": 0,
              "y": 28.35714285714286,
              "z": 0,
              "color": "#505050"
            },
            {
              "type": "sphere",
              "size": 2.25,
              "x": 0,
              "y": 29.85714285714286,
              "z": 0,
              "color": "#00FFDD"
            },
            {
              "type": "cylinder",
              "size": 12,
              "height": 0.75,
              "x": 0,
              "y": 22.35714285714286,
              "z": 0,
              "rotationX": 90,
              "rotationY": 0,
              "color": "#404040"
            },
            {
              "type": "cylinder",
              "size": 12,
              "height": 0.75,
              "x": 0,
              "y": 22.35714285714286,
              "z": 0,
              "rotationX": 90,
              "rotationY": 90,
              "color": "#404040"
            },
            {
              "type": "cylinder",
              "size": 3,
              "height": 0.75,
              "x": 10.5,
              "y": 22.35714285714286,
              "z": 10.5,
              "color": "#505050"
            },
            {
              "type": "cylinder",
              "size": 3,
              "height": 0.75,
              "x": -10.5,
              "y": 22.35714285714286,
              "z": 10.5,
              "color": "#505050"
            },
            {
              "type": "cylinder",
              "size": 3,
              "height": 0.75,
              "x": 10.5,
              "y": 22.35714285714286,
              "z": -10.5,
              "color": "#505050"
            },
            {
              "type": "cylinder",
              "size": 3,
              "height": 0.75,
              "x": -10.5,
              "y": 22.35714285714286,
              "z": -10.5,
              "color": "#505050"
            },
            {
              "type": "torus",
              "size": 4.5,
              "tubeSize": 0.75,
              "x": 10.5,
              "y": 23.10714285714286,
              "z": 10.5,
              "rotationX": 90,
              "color": "#00FFAA"
            },
            {
              "type": "torus",
              "size": 4.5,
              "tubeSize": 0.75,
              "x": -10.5,
              "y": 23.10714285714286,
              "z": 10.5,
              "rotationX": 90,
              "color": "#00FFAA"
            },
            {
              "type": "torus",
              "size": 4.5,
              "tubeSize": 0.75,
              "x": 10.5,
              "y": 23.10714285714286,
              "z": -10.5,
              "rotationX": 90,
              "color": "#00FFAA"
            },
            {
              "type": "torus",
              "size": 4.5,
              "tubeSize": 0.75,
              "x": -10.5,
              "y": 23.10714285714286,
              "z": -10.5,
              "rotationX": 90,
              "color": "#00FFAA"
            },
            {
              "type": "cylinder",
              "size": 0.75,
              "height": 3,
              "x": 0,
              "y": 20.857142857142858,
              "z": 0,
              "color": "#00FFDD"
            },
            {
              "type": "sphere",
              "size": 1.5,
              "x": 0,
              "y": 19.357142857142858,
              "z": 0,
              "color": "#00FFAA"
            },
            {
              "type": "sphere",
              "size": 0.75,
              "x": 3.75,
              "y": 23.85714285714286,
              "z": 0,
              "color": "#FFFFFF"
            },
            {
              "type": "sphere",
              "size": 0.75,
              "x": -3.75,
              "y": 23.85714285714286,
              "z": 0,
              "color": "#FFFFFF"
            },
            {
              "type": "sphere",
              "size": 0.75,
              "x": 0,
              "y": 23.85714285714286,
              "z": 3.75,
              "color": "#FFFFFF"
            },
            {
              "type": "sphere",
              "size": 0.75,
              "x": 0,
              "y": 23.85714285714286,
              "z": -3.75,
              "color": "#FFFFFF"
            }
          ]
        },
        {
          "shapes": [
            {
              "type": "sphere",
              "size": 7.5,
              "x": 0,
              "y": 23.85714285714286,
              "z": 0,
              "color": "#3D3D3D"
            },
            {
              "type": "torus",
              "size": 9,
              "tubeSize": 1.5,
              "x": 0,
              "y": 23.85714285714286,
              "z": 0,
              "rotationX": 90,
              "color": "#00FFAA"
            },
            {
              "type": "torus",
              "size": 9,
              "tubeSize": 1.5,
              "x": 0,
              "y": 23.85714285714286,
              "z": 0,
              "rotationY": 90,
              "color": "#00FFAA"
            },
            {
              "type": "cylinder",
              "size": 3,
              "height": 1.5,
              "x": 0,
              "y": 28.35714285714286,
              "z": 0,
              "color": "#505050"
            },
            {
              "type": "sphere",
              "size": 2.25,
              "x": 0,
              "y": 29.85714285714286,
              "z": 0,
              "color": "#00FFDD"
            },
            {
              "type": "cylinder",
              "size": 12,
              "height": 0.75,
              "x": 0,
              "y": 22.35714285714286,
              "z": 0,
              "rotationX": 90,
              "rotationY": 0,
              "color": "#404040"
            },
            {
              "type": "cylinder",
              "size": 12,
              "height": 0.75,
              "x": 0,
              "y": 22.35714285714286,
              "z": 0,
              "rotationX": 90,
              "rotationY": 90,
              "color": "#404040"
            },
            {
              "type": "cylinder",
              "size": 3,
              "height": 0.75,
              "x": 10.5,
              "y": 22.35714285714286,
              "z": 10.5,
              "color": "#505050"
            },
            {
              "type": "cylinder",
              "size": 3,
              "height": 0.75,
              "x": -10.5,
              "y": 22.35714285714286,
              "z": 10.5,
              "color": "#505050"
            },
            {
              "type": "cylinder",
              "size": 3,
              "height": 0.75,
              "x": 10.5,
              "y": 22.35714285714286,
              "z": -10.5,
              "color": "#505050"
            },
            {
              "type": "cylinder",
              "size": 3,
              "height": 0.75,
              "x": -10.5,
              "y": 22.35714285714286,
              "z": -10.5,
              "color": "#505050"
            },
            {
              "type": "torus",
              "size": 4.5,
              "tubeSize": 0.75,
              "x": 10.5,
              "y": 23.10714285714286,
              "z": 10.5,
              "rotationX": 90,
              "color": "#00FFAA"
            },
            {
              "type": "torus",
              "size": 4.5,
              "tubeSize": 0.75,
              "x": -10.5,
              "y": 23.10714285714286,
              "z": 10.5,
              "rotationX": 90,
              "color": "#00FFAA"
            },
            {
              "type": "torus",
              "size": 4.5,
              "tubeSize": 0.75,
              "x": 10.5,
              "y": 23.10714285714286,
              "z": -10.5,
              "rotationX": 90,
              "color": "#00FFAA"
            },
            {
              "type": "torus",
              "size": 4.5,
              "tubeSize": 0.75,
              "x": -10.5,
              "y": 23.10714285714286,
              "z": -10.5,
              "rotationX": 90,
              "color": "#00FFAA"
            },
            {
              "type": "cylinder",
              "size": 0.75,
              "height": 3,
              "x": 0,
              "y": 20.857142857142858,
              "z": 0,
              "color": "#00FFDD"
            },
            {
              "type": "sphere",
              "size": 1.5,
              "x": 0,
              "y": 19.357142857142858,
              "z": 0,
              "color": "#00FFAA"
            },
            {
              "type": "sphere",
              "size": 0.75,
              "x": 3.75,
              "y": 23.85714285714286,
              "z": 0,
              "color": "#FFFFFF"
            },
            {
              "type": "sphere",
              "size": 0.75,
              "x": -3.75,
              "y": 23.85714285714286,
              "z": 0,
              "color": "#FFFFFF"
            },
            {
              "type": "sphere",
              "size": 0.75,
              "x": 0,
              "y": 23.85714285714286,
              "z": 3.75,
              "color": "#FFFFFF"
            },
            {
              "type": "sphere",
              "size": 0.75,
              "x": 0,
              "y": 23.85714285714286,
              "z": -3.75,
              "color": "#FFFFFF"
            }
          ]
        }
      ]
    }
  }
}