{
  "title": "Fabricator",
  "info": "Can be upgraded to summon drones from defeated enemies.",
  "summonType": "drone",
  "cost": 200,
  "population": 4,
  "range": 5,
  "damage": 8,
  "attackSpeed": 0.5,
  "projectile": "nanoOrb",
  "piercing": 1,
  "critChance": 0.15,
  "critMultiplier": 1.8,
  "render": {
    "animations": {
      "idle": [
        {
          "shapes": [
            {
              "type": "box",
              "width": 40,
              "height": 6,
              "depth": 40,
              "x": 0,
              "y": 3,
              "z": 0,
              "color": "#303030"
            },
            {
              "type": "cylinder",
              "size": 36,
              "height": 14,
              "x": 0,
              "y": 13,
              "z": 0,
              "color": "#505050"
            },
            {
              "type": "cylinder",
              "size": 28,
              "height": 4,
              "x": 0,
              "y": 22,
              "z": 0,
              "color": "#202020"
            },
            {
              "type": "cylinder",
              "size": 24,
              "height": 16,
              "x": 0,
              "y": 32,
              "z": 0,
              "color": "#404040"
            },
            {
              "type": "torus",
              "size": 20,
              "tubeSize": 2,
              "x": 0,
              "y": 26,
              "z": 0,
              "color": "#00FFAA"
            },
            {
              "type": "sphere",
              "size": 14,
              "x": 0,
              "y": 32,
              "z": 0,
              "color": "#80FFD0"
            },
            {
              "type": "box",
              "width": 6,
              "height": 28,
              "depth": 6,
              "x": 16,
              "y": 22,
              "z": 16,
              "color": "#303030"
            },
            {
              "type": "box",
              "width": 6,
              "height": 28,
              "depth": 6,
              "x": -16,
              "y": 22,
              "z": 16,
              "color": "#303030"
            },
            {
              "type": "box",
              "width": 6,
              "height": 28,
              "depth": 6,
              "x": 16,
              "y": 22,
              "z": -16,
              "color": "#303030"
            },
            {
              "type": "box",
              "width": 6,
              "height": 28,
              "depth": 6,
              "x": -16,
              "y": 22,
              "z": -16,
              "color": "#303030"
            },
            {
              "type": "sphere",
              "size": 4,
              "x": 16,
              "y": 38,
              "z": 16,
              "color": "#00FFAA"
            },
            {
              "type": "sphere",
              "size": 4,
              "x": -16,
              "y": 38,
              "z": 16,
              "color": "#00FFAA"
            },
            {
              "type": "sphere",
              "size": 4,
              "x": 16,
              "y": 38,
              "z": -16,
              "color": "#00FFAA"
            },
            {
              "type": "sphere",
              "size": 4,
              "x": -16,
              "y": 38,
              "z": -16,
              "color": "#00FFAA"
            },
            {
              "type": "cylinder",
              "size": 10,
              "height": 4,
              "x": 0,
              "y": 42,
              "z": 0,
              "color": "#606060"
            },
            {
              "type": "cylinder",
              "size": 6,
              "height": 8,
              "x": 0,
              "y": 48,
              "z": 0,
              "color": "#505050"
            },
            {
              "type": "torus",
              "size": 8,
              "tubeSize": 1,
              "x": 0,
              "y": 46,
              "z": 0,
              "rotationX": 90,
              "color": "#00FFAA"
            },
            {
              "type": "torus",
              "size": 4,
              "tubeSize": 1,
              "x": 0,
              "y": 32,
              "z": 0,
              "rotationX": 30,
              "rotationY": 45,
              "color": "#00FFFF"
            },
            {
              "type": "torus",
              "size": 4,
              "tubeSize": 1,
              "x": 0,
              "y": 32,
              "z": 0,
              "rotationX": 120,
              "rotationY": 45,
              "color": "#00FFFF"
            },
            {
              "type": "sphere",
              "size": 2,
              "x": 6,
              "y": 32,
              "z": 0,
              "color": "#FFFFFF"
            },
            {
              "type": "sphere",
              "size": 2,
              "x": -6,
              "y": 32,
              "z": 0,
              "color": "#FFFFFF"
            },
            {
              "type": "sphere",
              "size": 2,
              "x": 0,
              "y": 32,
              "z": 6,
              "color": "#FFFFFF"
            },
            {
              "type": "sphere",
              "size": 2,
              "x": 0,
              "y": 32,
              "z": -6,
              "color": "#FFFFFF"
            }
          ]
        }
      ]
    }
  }
}