{
  "title": "Fusion Core",
  "info": "Creates additional energy every second.",
  "cost": 50,
  "population": 1,
  "attackSpeed": 1,
  "critMultiplier": 1,
  "mineAmt": 1,
  "render": {
    "animations": {
      "idle": [
        {
          "shapes": [
            {
              "type": "cylinder",
              "size": 24,
              "height": 8,
              "color": "#3A3A3A",
              "x": 0,
              "y": 0,
              "z": 0
            },
            {
              "type": "cylinder",
              "size": 20,
              "height": 12,
              "color": "#555555",
              "x": 0,
              "y": 10,
              "z": 0
            },
            {
              "type": "sphere",
              "size": 14,
              "color": "#4B0082",
              "x": 0,
              "y": 30,
              "z": 0
            },
            {
              "type": "torus",
              "size": 22,
              "tubeSize": 2,
              "color": "#00BFFF",
              "x": 0,
              "y": 30,
              "z": 0,
              "rotationX": 30
            },
            {
              "type": "torus",
              "size": 22,
              "tubeSize": 2,
              "color": "#00BFFF",
              "x": 0,
              "y": 30,
              "z": 0,
              "rotationX": 105,
              "rotationZ": 45
            },
            {
              "type": "cylinder",
              "size": 4,
              "height": 10,
              "color": "#666666",
              "x": 12,
              "y": 6,
              "z": 12
            },
            {
              "type": "cylinder",
              "size": 4,
              "height": 10,
              "color": "#666666",
              "x": -12,
              "y": 6,
              "z": 12
            },
            {
              "type": "cylinder",
              "size": 4,
              "height": 10,
              "color": "#666666",
              "x": 12,
              "y": 6,
              "z": -12
            },
            {
              "type": "cylinder",
              "size": 4,
              "height": 10,
              "color": "#666666",
              "x": -12,
              "y": 6,
              "z": -12
            },
            {
              "type": "box",
              "width": 8,
              "height": 4,
              "depth": 8,
              "color": "#555555",
              "x": 16,
              "y": 2,
              "z": 0
            },
            {
              "type": "box",
              "width": 8,
              "height": 4,
              "depth": 8,
              "color": "#555555",
              "x": -16,
              "y": 2,
              "z": 0
            },
            {
              "type": "box",
              "width": 8,
              "height": 4,
              "depth": 8,
              "color": "#555555",
              "x": 0,
              "y": 2,
              "z": 16
            },
            {
              "type": "box",
              "width": 8,
              "height": 4,
              "depth": 8,
              "color": "#555555",
              "x": 0,
              "y": 2,
              "z": -16
            },
            {
              "type": "sphere",
              "size": 3,
              "color": "#00FFFF",
              "x": 12,
              "y": 12,
              "z": 12
            },
            {
              "type": "sphere",
              "size": 3,
              "color": "#00FFFF",
              "x": -12,
              "y": 12,
              "z": 12
            },
            {
              "type": "sphere",
              "size": 3,
              "color": "#00FFFF",
              "x": 12,
              "y": 12,
              "z": -12
            },
            {
              "type": "sphere",
              "size": 3,
              "color": "#00FFFF",
              "x": -12,
              "y": 12,
              "z": -12
            }
          ]
        },
        {
          "shapes": [
            {
              "type": "cylinder",
              "size": 24,
              "height": 8,
              "color": "#3A3A3A",
              "x": 0,
              "y": 0,
              "z": 0
            },
            {
              "type": "cylinder",
              "size": 20,
              "height": 12,
              "color": "#555555",
              "x": 0,
              "y": 10,
              "z": 0
            },
            {
              "type": "sphere",
              "size": 14,
              "color": "#4B0082",
              "x": 0,
              "y": 30,
              "z": 0
            },
            {
              "type": "torus",
              "size": 22,
              "tubeSize": 2,
              "color": "#00BFFF",
              "x": 0,
              "y": 30,
              "z": 0,
              "rotationX": 30,
              "rotationZ": 0,
              "rotationY": 45
            },
            {
              "type": "torus",
              "size": 22,
              "tubeSize": 2,
              "color": "#00BFFF",
              "x": 0,
              "y": 30,
              "z": 0,
              "rotationX": 155,
              "rotationZ": 45
            },
            {
              "type": "cylinder",
              "size": 4,
              "height": 10,
              "color": "#666666",
              "x": 12,
              "y": 6,
              "z": 12
            },
            {
              "type": "cylinder",
              "size": 4,
              "height": 10,
              "color": "#666666",
              "x": -12,
              "y": 6,
              "z": 12
            },
            {
              "type": "cylinder",
              "size": 4,
              "height": 10,
              "color": "#666666",
              "x": 12,
              "y": 6,
              "z": -12
            },
            {
              "type": "cylinder",
              "size": 4,
              "height": 10,
              "color": "#666666",
              "x": -12,
              "y": 6,
              "z": -12
            },
            {
              "type": "box",
              "width": 8,
              "height": 4,
              "depth": 8,
              "color": "#555555",
              "x": 16,
              "y": 2,
              "z": 0
            },
            {
              "type": "box",
              "width": 8,
              "height": 4,
              "depth": 8,
              "color": "#555555",
              "x": -16,
              "y": 2,
              "z": 0
            },
            {
              "type": "box",
              "width": 8,
              "height": 4,
              "depth": 8,
              "color": "#555555",
              "x": 0,
              "y": 2,
              "z": 16
            },
            {
              "type": "box",
              "width": 8,
              "height": 4,
              "depth": 8,
              "color": "#555555",
              "x": 0,
              "y": 2,
              "z": -16
            },
            {
              "type": "sphere",
              "size": 3,
              "color": "#00FFFF",
              "x": 12,
              "y": 12,
              "z": 12
            },
            {
              "type": "sphere",
              "size": 3,
              "color": "#00FFFF",
              "x": -12,
              "y": 12,
              "z": 12
            },
            {
              "type": "sphere",
              "size": 3,
              "color": "#00FFFF",
              "x": 12,
              "y": 12,
              "z": -12
            },
            {
              "type": "sphere",
              "size": 3,
              "color": "#00FFFF",
              "x": -12,
              "y": 12,
              "z": -12
            }
          ]
        },
        {
          "shapes": [
            {
              "type": "cylinder",
              "size": 24,
              "height": 8,
              "color": "#3A3A3A",
              "x": 0,
              "y": 0,
              "z": 0
            },
            {
              "type": "cylinder",
              "size": 20,
              "height": 12,
              "color": "#555555",
              "x": 0,
              "y": 10,
              "z": 0
            },
            {
              "type": "sphere",
              "size": 14,
              "color": "#4B0082",
              "x": 0,
              "y": 30,
              "z": 0
            },
            {
              "type": "torus",
              "size": 22,
              "tubeSize": 2,
              "color": "#00BFFF",
              "x": 0,
              "y": 30,
              "z": 0,
              "rotationX": 30,
              "rotationY": 90
            },
            {
              "type": "torus",
              "size": 22,
              "tubeSize": 2,
              "color": "#00BFFF",
              "x": 0,
              "y": 30,
              "z": 0,
              "rotationX": 200,
              "rotationZ": 45
            },
            {
              "type": "cylinder",
              "size": 4,
              "height": 10,
              "color": "#666666",
              "x": 12,
              "y": 6,
              "z": 12
            },
            {
              "type": "cylinder",
              "size": 4,
              "height": 10,
              "color": "#666666",
              "x": -12,
              "y": 6,
              "z": 12
            },
            {
              "type": "cylinder",
              "size": 4,
              "height": 10,
              "color": "#666666",
              "x": 12,
              "y": 6,
              "z": -12
            },
            {
              "type": "cylinder",
              "size": 4,
              "height": 10,
              "color": "#666666",
              "x": -12,
              "y": 6,
              "z": -12
            },
            {
              "type": "box",
              "width": 8,
              "height": 4,
              "depth": 8,
              "color": "#555555",
              "x": 16,
              "y": 2,
              "z": 0
            },
            {
              "type": "box",
              "width": 8,
              "height": 4,
              "depth": 8,
              "color": "#555555",
              "x": -16,
              "y": 2,
              "z": 0
            },
            {
              "type": "box",
              "width": 8,
              "height": 4,
              "depth": 8,
              "color": "#555555",
              "x": 0,
              "y": 2,
              "z": 16
            },
            {
              "type": "box",
              "width": 8,
              "height": 4,
              "depth": 8,
              "color": "#555555",
              "x": 0,
              "y": 2,
              "z": -16
            },
            {
              "type": "sphere",
              "size": 3,
              "color": "#00FFFF",
              "x": 12,
              "y": 12,
              "z": 12
            },
            {
              "type": "sphere",
              "size": 3,
              "color": "#00FFFF",
              "x": -12,
              "y": 12,
              "z": 12
            },
            {
              "type": "sphere",
              "size": 3,
              "color": "#00FFFF",
              "x": 12,
              "y": 12,
              "z": -12
            },
            {
              "type": "sphere",
              "size": 3,
              "color": "#00FFFF",
              "x": -12,
              "y": 12,
              "z": -12
            }
          ]
        },
        {
          "shapes": [
            {
              "type": "cylinder",
              "size": 24,
              "height": 8,
              "color": "#3A3A3A",
              "x": 0,
              "y": 0,
              "z": 0
            },
            {
              "type": "cylinder",
              "size": 20,
              "height": 12,
              "color": "#555555",
              "x": 0,
              "y": 10,
              "z": 0
            },
            {
              "type": "sphere",
              "size": 14,
              "color": "#4B0082",
              "x": 0,
              "y": 30,
              "z": 0
            },
            {
              "type": "torus",
              "size": 22,
              "tubeSize": 2,
              "color": "#00BFFF",
              "x": 0,
              "y": 30,
              "z": 0,
              "rotationX": 30,
              "rotationY": 135
            },
            {
              "type": "torus",
              "size": 22,
              "tubeSize": 2,
              "color": "#00BFFF",
              "x": 0,
              "y": 30,
              "z": 0,
              "rotationX": 245,
              "rotationZ": 45
            },
            {
              "type": "cylinder",
              "size": 4,
              "height": 10,
              "color": "#666666",
              "x": 12,
              "y": 6,
              "z": 12
            },
            {
              "type": "cylinder",
              "size": 4,
              "height": 10,
              "color": "#666666",
              "x": -12,
              "y": 6,
              "z": 12
            },
            {
              "type": "cylinder",
              "size": 4,
              "height": 10,
              "color": "#666666",
              "x": 12,
              "y": 6,
              "z": -12
            },
            {
              "type": "cylinder",
              "size": 4,
              "height": 10,
              "color": "#666666",
              "x": -12,
              "y": 6,
              "z": -12
            },
            {
              "type": "box",
              "width": 8,
              "height": 4,
              "depth": 8,
              "color": "#555555",
              "x": 16,
              "y": 2,
              "z": 0
            },
            {
              "type": "box",
              "width": 8,
              "height": 4,
              "depth": 8,
              "color": "#555555",
              "x": -16,
              "y": 2,
              "z": 0
            },
            {
              "type": "box",
              "width": 8,
              "height": 4,
              "depth": 8,
              "color": "#555555",
              "x": 0,
              "y": 2,
              "z": 16
            },
            {
              "type": "box",
              "width": 8,
              "height": 4,
              "depth": 8,
              "color": "#555555",
              "x": 0,
              "y": 2,
              "z": -16
            },
            {
              "type": "sphere",
              "size": 3,
              "color": "#00FFFF",
              "x": 12,
              "y": 12,
              "z": 12
            },
            {
              "type": "sphere",
              "size": 3,
              "color": "#00FFFF",
              "x": -12,
              "y": 12,
              "z": 12
            },
            {
              "type": "sphere",
              "size": 3,
              "color": "#00FFFF",
              "x": 12,
              "y": 12,
              "z": -12
            },
            {
              "type": "sphere",
              "size": 3,
              "color": "#00FFFF",
              "x": -12,
              "y": 12,
              "z": -12
            }
          ]
        }
      ]
    }
  }
}