{
  "id": "guardTower",
  "title": "Guard Tower",
  "info": "A robust defensive structure that deals consistent damage while slowing enemies within a radius.",
  "cost": 70,
  "population": 3,
  "range": 4,
  "damage": 8,
  "attackSpeed": 4,
  "projectile": "plasmaBolt",
  "critChance": 0.05,
  "critMultiplier": 2,
  "splashRadius": 2,
  "render": {
    "animations": {
      "idle": [
        {
          "shapes": [
            {
              "type": "box",
              "width": 15,
              "height": 30,
              "color": "#738884",
              "x": 2.25,
              "y": 6.75,
              "z": 0
            },
            {
              "type": "box",
              "x": 0.2,
              "y": 21.75,
              "width": 10,
              "height": 15,
              "color": "#73520d",
              "z": 0
            },
            {
              "type": "box",
              "x": -5.25,
              "y": 36.75,
              "width": 25,
              "height": 5,
              "color": "#4a697d",
              "z": 0
            },
            {
              "type": "circle",
              "radius": 0.5,
              "x": -10.25,
              "y": 41.75,
              "color": "#e6e6fa",
              "z": 0
            },
            {
              "type": "circle",
              "radius": 0.5,
              "x": 9.75,
              "y": 41.75,
              "color": "#e6e6fa",
              "z": 0
            },
            {
              "type": "line",
              "points": [
                {
                  "x": -1,
                  "y": 4
                },
                {
                  "x": 1,
                  "y": 4
                }
              ],
              "width": 2,
              "color": "#87CEEB",
              "x": 2.25,
              "y": 6.75,
              "z": 0
            }
          ]
        }
      ]
    }
  }
}