{
  "title": "Citadel",
  "mineAmt": 1,
  "attackSpeed": 1,
  "render": {
    "animations": {
      "idle": [
        {
          "shapes": [
            {
              "type": "box",
              "width": 40,
              "height": 12,
              "depth": 40,
              "color": "#8B8B8B",
              "x": 0,
              "y": 6,
              "z": 0
            },
            {
              "type": "box",
              "width": 32,
              "height": 20,
              "depth": 32,
              "color": "#707070",
              "x": 0,
              "y": 22,
              "z": 0
            },
            {
              "type": "sphere",
              "width": 24,
              "height": 16,
              "depth": 24,
              "color": "#C0C0C0",
              "x": 0,
              "y": 32,
              "z": 0,
              "size": 24
            },
            {
              "type": "cylinder",
              "size": 12,
              "height": 22,
              "color": "#D8D8D8",
              "x": 0,
              "y": 42,
              "z": 0
            },
            {
              "type": "cone",
              "size": 14,
              "height": 20,
              "color": "#b91588",
              "x": 0,
              "y": 62,
              "z": 0
            },
            {
              "type": "cylinder",
              "size": 6,
              "height": 30,
              "color": "#C0C0C0",
              "x": 16,
              "y": 22,
              "z": 16
            },
            {
              "type": "cylinder",
              "size": 6,
              "height": 30,
              "color": "#C0C0C0",
              "x": -16,
              "y": 22,
              "z": 16
            },
            {
              "type": "cylinder",
              "size": 6,
              "height": 30,
              "color": "#C0C0C0",
              "x": 16,
              "y": 22,
              "z": -16
            },
            {
              "type": "cylinder",
              "size": 6,
              "height": 30,
              "color": "#C0C0C0",
              "x": -16,
              "y": 22,
              "z": -16
            },
            {
              "type": "cone",
              "size": 8,
              "height": 10,
              "color": "#4ade43",
              "x": 16,
              "y": 42,
              "z": 16
            },
            {
              "type": "cone",
              "size": 8,
              "height": 10,
              "color": "#fff422",
              "x": -16,
              "y": 42,
              "z": 16
            },
            {
              "type": "cone",
              "size": 8,
              "height": 10,
              "color": "#4169E1",
              "x": 16,
              "y": 42,
              "z": -16
            },
            {
              "type": "cone",
              "size": 8,
              "height": 10,
              "color": "#ff2227",
              "x": -16,
              "y": 42,
              "z": -16
            },
            {
              "type": "box",
              "width": 44,
              "height": 4,
              "depth": 44,
              "color": "#696969",
              "x": 0,
              "y": 2,
              "z": 0
            }
          ]
        }
      ]
    }
  }
}