{
  "title": "Missile Launcher",
  "info": "Projectiles explode in an AoE.",
  "cost": 90,
  "population": 3,
  "range": 15,
  "damage": 100,
  "attackSpeed": 3,
  "projectile": "missile",
  "critChance": 0.05,
  "critMultiplier": 2,
  "splashRadius": 3,
  "burnDamage": 2,
  "render": {
    "animations": {
      "idle": [
        {
          "shapes": [
            {
              "type": "box",
              "width": 30,
              "height": 6,
              "depth": 30,
              "x": 0,
              "y": 3,
              "z": 1.8,
              "color": "#555555",
              "name": "base"
            },
            {
              "type": "cylinder",
              "size": 24,
              "height": 7.5,
              "x": 0,
              "y": 10,
              "z": 1.8,
              "color": "#444444",
              "name": "body"
            },
            {
              "type": "box",
              "width": 18,
              "height": 10.5,
              "depth": 22.5,
              "x": 0,
              "y": 19.5,
              "z": 1.8,
              "color": "#3A3A3A",
              "rotationX": 15,
              "name": "missile-box"
            },
            {
              "type": "cylinder",
              "size": 6,
              "height": 27,
              "x": -6,
              "y": 24,
              "z": 3.3,
              "rotationX": 105,
              "color": "#2A2A2A",
              "name": "left missile container"
            },
            {
              "type": "cylinder",
              "size": 6,
              "height": 27,
              "x": 6,
              "y": 24,
              "z": 3.3,
              "rotationX": 105,
              "color": "#2A2A2A",
              "name": "right missile container"
            },
            {
              "type": "cylinder",
              "size": 4.5,
              "height": 13.5,
              "x": -6,
              "y": 27,
              "z": -7.2,
              "rotationX": 105,
              "color": "#7f7f7f",
              "rotationZ": 0,
              "name": "left missile"
            },
            {
              "type": "cylinder",
              "size": 4.5,
              "height": 13.5,
              "x": 6,
              "y": 27,
              "z": -7.2,
              "rotationX": 105,
              "color": "#7f7f7f",
              "name": "right missile"
            },
            {
              "type": "cone",
              "size": 4.35,
              "height": 6,
              "x": -6,
              "y": 29.4,
              "z": -16.2,
              "rotationX": -75,
              "color": "#D14A4A",
              "name": "left missile tip"
            },
            {
              "type": "cone",
              "size": 4.35,
              "height": 6,
              "x": 6,
              "y": 29.4,
              "z": -16.2,
              "rotationX": -75,
              "color": "#D14A4A",
              "name": "right missile tip"
            }
          ]
        }
      ]
    }
  }
}