{
  "title": "Photon Sentry",
  "info": "Defensive attack sentry.",
  "cost": 25,
  "population": 1,
  "range": 4,
  "damage": 5,
  "attackSpeed": 0.5,
  "projectile": "plasmaBolt",
  "critChance": 0.05,
  "critMultiplier": 1.5,
  "render": {
    "animations": {
      "idle": [
        {
          "shapes": [
            {
              "type": "cylinder",
              "size": 12,
              "height": 4,
              "color": "#696969",
              "x": 0,
              "y": 2,
              "z": 0
            },
            {
              "type": "cylinder",
              "size": 10,
              "height": 26,
              "color": "#8B8B8B",
              "x": 0,
              "y": 17,
              "z": 0
            },
            {
              "type": "cylinder",
              "size": 12,
              "height": 4,
              "color": "#696969",
              "x": 0,
              "y": 32,
              "z": 0
            },
            {
              "type": "cylinder",
              "size": 6,
              "height": 14,
              "color": "#A9A9A9",
              "x": 0,
              "y": 40,
              "z": 0
            },
            {
              "type": "sphere",
              "size": 8,
              "color": "#CD7F32",
              "x": 0,
              "y": 52,
              "z": 0
            },
            {
              "type": "cylinder",
              "size": 2,
              "height": 12,
              "color": "#A9A9A9",
              "x": 0,
              "y": 42,
              "z": 0,
              "rotationX": 90
            },
            {
              "type": "sphere",
              "size": 3,
              "color": "#FF4500",
              "x": 0,
              "y": 42,
              "z": 6
            },
            {
              "type": "box",
              "width": 3,
              "height": 5,
              "depth": 3,
              "color": "#696969",
              "x": 4,
              "y": 34,
              "z": 4
            },
            {
              "type": "box",
              "width": 3,
              "height": 5,
              "depth": 3,
              "color": "#696969",
              "x": -4,
              "y": 34,
              "z": 4
            },
            {
              "type": "box",
              "width": 3,
              "height": 5,
              "depth": 3,
              "color": "#696969",
              "x": 4,
              "y": 34,
              "z": -4
            },
            {
              "type": "box",
              "width": 3,
              "height": 5,
              "depth": 3,
              "color": "#696969",
              "x": -4,
              "y": 34,
              "z": -4
            }
          ]
        }
      ]
    }
  },
  "projectileCount": 0,
  "projectileAngle": 10
}