{
  "title": "Tesla Coil",
  "info": "Projectiles chain between enemies.",
  "projectileStartOffsetY": 24,
  "cost": 70,
  "population": 3,
  "range": 5,
  "damage": 10,
  "attackSpeed": 0.5,
  "projectile": "lightning",
  "piercing": 2,
  "critChance": 0.1,
  "critMultiplier": 1.7,
  "render": {
    "animations": {
      "idle": [
        {
          "shapes": [
            {
              "type": "cylinder",
              "size": 16,
              "height": 4,
              "color": "#555555",
              "x": 0,
              "y": 2,
              "z": 0
            },
            {
              "type": "cylinder",
              "size": 12,
              "height": 8,
              "color": "#777777",
              "x": 0,
              "y": 8,
              "z": 0
            },
            {
              "type": "cylinder",
              "size": 10,
              "height": 20,
              "color": "#333333",
              "x": 0,
              "y": 22,
              "z": 0
            },
            {
              "type": "cylinder",
              "size": 12,
              "height": 3,
              "color": "#444444",
              "x": 0,
              "y": 33.5,
              "z": 0
            },
            {
              "type": "sphere",
              "size": 14,
              "color": "#66bbff",
              "x": 0,
              "y": 42,
              "z": 0
            },
            {
              "type": "torus",
              "size": 20,
              "tubeSize": 1.6,
              "color": "#66bbff",
              "x": 0,
              "y": 18,
              "z": 0,
              "rotationX": 90
            },
            {
              "type": "torus",
              "size": 18,
              "tubeSize": 1.6,
              "color": "#4499ff",
              "x": 0,
              "y": 24,
              "z": 0,
              "rotationX": 90
            },
            {
              "type": "torus",
              "size": 16,
              "tubeSize": 1.6,
              "color": "#2277ff",
              "x": 0,
              "y": 30,
              "z": 0,
              "rotationX": 90
            },
            {
              "type": "cone",
              "size": 6,
              "height": 16,
              "color": "#888888",
              "x": 7,
              "y": 34,
              "z": 0,
              "rotationZ": -90
            },
            {
              "type": "cone",
              "size": 6,
              "height": 16,
              "color": "#888888",
              "x": -7,
              "y": 34,
              "z": 0,
              "rotationZ": 90
            },
            {
              "type": "cone",
              "size": 6,
              "height": 16,
              "color": "#888888",
              "x": 0,
              "y": 34,
              "z": 7,
              "rotationX": 90
            },
            {
              "type": "cone",
              "size": 6,
              "height": 16,
              "color": "#888888",
              "x": 0,
              "y": 34,
              "z": -7,
              "rotationX": -90
            },
            {
              "type": "box",
              "width": 3,
              "height": 14,
              "depth": 3,
              "color": "#888888",
              "x": 6,
              "y": 16,
              "z": 6,
              "rotationY": 45
            },
            {
              "type": "box",
              "width": 3,
              "height": 14,
              "depth": 3,
              "color": "#888888",
              "x": -6,
              "y": 16,
              "z": 6,
              "rotationY": -45
            },
            {
              "type": "box",
              "width": 3,
              "height": 14,
              "depth": 3,
              "color": "#888888",
              "x": 6,
              "y": 16,
              "z": -6,
              "rotationY": -45
            },
            {
              "type": "box",
              "width": 3,
              "height": 14,
              "depth": 3,
              "color": "#888888",
              "x": -6,
              "y": 16,
              "z": -6,
              "rotationY": 45
            },
            {
              "type": "cylinder",
              "size": 2,
              "height": 1,
              "color": "#66bbff",
              "x": 0,
              "y": 36,
              "z": 0
            }
          ]
        },
        {
          "shapes": [
            {
              "type": "cylinder",
              "size": 16,
              "height": 4,
              "color": "#555555",
              "x": 0,
              "y": 2,
              "z": 0
            },
            {
              "type": "cylinder",
              "size": 12,
              "height": 8,
              "color": "#777777",
              "x": 0,
              "y": 8,
              "z": 0
            },
            {
              "type": "cylinder",
              "size": 10,
              "height": 20,
              "color": "#333333",
              "x": 0,
              "y": 22,
              "z": 0
            },
            {
              "type": "cylinder",
              "size": 12,
              "height": 3,
              "color": "#444444",
              "x": 0,
              "y": 33.5,
              "z": 0
            },
            {
              "type": "sphere",
              "size": 14,
              "color": "#66bbff",
              "x": 0,
              "y": 42,
              "z": 0
            },
            {
              "type": "torus",
              "size": 20,
              "tubeSize": 1.6,
              "color": "#4499ff",
              "x": 0,
              "y": 18,
              "z": 0,
              "rotationX": 90
            },
            {
              "type": "torus",
              "size": 18,
              "tubeSize": 1.6,
              "color": "#66bbff",
              "x": 0,
              "y": 24,
              "z": 0,
              "rotationX": 90
            },
            {
              "type": "torus",
              "size": 16,
              "tubeSize": 1.6,
              "color": "#4499ff",
              "x": 0,
              "y": 30,
              "z": 0,
              "rotationX": 90
            },
            {
              "type": "cone",
              "size": 6,
              "height": 16,
              "color": "#888888",
              "x": 7,
              "y": 34,
              "z": 0,
              "rotationZ": -90
            },
            {
              "type": "cone",
              "size": 6,
              "height": 16,
              "color": "#888888",
              "x": -7,
              "y": 34,
              "z": 0,
              "rotationZ": 90
            },
            {
              "type": "cone",
              "size": 6,
              "height": 16,
              "color": "#888888",
              "x": 0,
              "y": 34,
              "z": 7,
              "rotationX": 90
            },
            {
              "type": "cone",
              "size": 6,
              "height": 16,
              "color": "#888888",
              "x": 0,
              "y": 34,
              "z": -7,
              "rotationX": -90
            },
            {
              "type": "box",
              "width": 3,
              "height": 14,
              "depth": 3,
              "color": "#888888",
              "x": 6,
              "y": 16,
              "z": 6,
              "rotationY": 45
            },
            {
              "type": "box",
              "width": 3,
              "height": 14,
              "depth": 3,
              "color": "#888888",
              "x": -6,
              "y": 16,
              "z": 6,
              "rotationY": -45
            },
            {
              "type": "box",
              "width": 3,
              "height": 14,
              "depth": 3,
              "color": "#888888",
              "x": 6,
              "y": 16,
              "z": -6,
              "rotationY": -45
            },
            {
              "type": "box",
              "width": 3,
              "height": 14,
              "depth": 3,
              "color": "#888888",
              "x": -6,
              "y": 16,
              "z": -6,
              "rotationY": 45
            },
            {
              "type": "cylinder",
              "size": 2,
              "height": 1,
              "color": "#66bbff",
              "x": 0,
              "y": 36,
              "z": 0
            }
          ]
        },
        {
          "shapes": [
            {
              "type": "cylinder",
              "size": 16,
              "height": 4,
              "color": "#555555",
              "x": 0,
              "y": 2,
              "z": 0
            },
            {
              "type": "cylinder",
              "size": 12,
              "height": 8,
              "color": "#777777",
              "x": 0,
              "y": 8,
              "z": 0
            },
            {
              "type": "cylinder",
              "size": 10,
              "height": 20,
              "color": "#333333",
              "x": 0,
              "y": 22,
              "z": 0
            },
            {
              "type": "cylinder",
              "size": 12,
              "height": 3,
              "color": "#444444",
              "x": 0,
              "y": 33.5,
              "z": 0
            },
            {
              "type": "sphere",
              "size": 14,
              "color": "#84c8ff",
              "x": 0,
              "y": 42,
              "z": 0
            },
            {
              "type": "torus",
              "size": 20,
              "tubeSize": 1.6,
              "color": "#2277ff",
              "x": 0,
              "y": 18,
              "z": 0,
              "rotationX": 90
            },
            {
              "type": "torus",
              "size": 18,
              "tubeSize": 1.6,
              "color": "#4499ff",
              "x": 0,
              "y": 24,
              "z": 0,
              "rotationX": 90
            },
            {
              "type": "torus",
              "size": 16,
              "tubeSize": 1.6,
              "color": "#66bbff",
              "x": 0,
              "y": 30,
              "z": 0,
              "rotationX": 90
            },
            {
              "type": "cone",
              "size": 6,
              "height": 16,
              "color": "#888888",
              "x": 7,
              "y": 34,
              "z": 0,
              "rotationZ": -90
            },
            {
              "type": "cone",
              "size": 6,
              "height": 16,
              "color": "#888888",
              "x": -7,
              "y": 34,
              "z": 0,
              "rotationZ": 90
            },
            {
              "type": "cone",
              "size": 6,
              "height": 16,
              "color": "#888888",
              "x": 0,
              "y": 34,
              "z": 7,
              "rotationX": 90
            },
            {
              "type": "cone",
              "size": 6,
              "height": 16,
              "color": "#888888",
              "x": 0,
              "y": 34,
              "z": -7,
              "rotationX": -90
            },
            {
              "type": "box",
              "width": 3,
              "height": 14,
              "depth": 3,
              "color": "#888888",
              "x": 6,
              "y": 16,
              "z": 6,
              "rotationY": 45
            },
            {
              "type": "box",
              "width": 3,
              "height": 14,
              "depth": 3,
              "color": "#888888",
              "x": -6,
              "y": 16,
              "z": 6,
              "rotationY": -45
            },
            {
              "type": "box",
              "width": 3,
              "height": 14,
              "depth": 3,
              "color": "#888888",
              "x": 6,
              "y": 16,
              "z": -6,
              "rotationY": -45
            },
            {
              "type": "box",
              "width": 3,
              "height": 14,
              "depth": 3,
              "color": "#888888",
              "x": -6,
              "y": 16,
              "z": -6,
              "rotationY": 45
            },
            {
              "type": "cylinder",
              "size": 2,
              "height": 1,
              "color": "#66bbff",
              "x": 0,
              "y": 36,
              "z": 0
            }
          ]
        },
        {
          "shapes": [
            {
              "type": "cylinder",
              "size": 16,
              "height": 4,
              "color": "#555555",
              "x": 0,
              "y": 2,
              "z": 0
            },
            {
              "type": "cylinder",
              "size": 12,
              "height": 8,
              "color": "#777777",
              "x": 0,
              "y": 8,
              "z": 0
            },
            {
              "type": "cylinder",
              "size": 10,
              "height": 20,
              "color": "#333333",
              "x": 0,
              "y": 22,
              "z": 0
            },
            {
              "type": "cylinder",
              "size": 12,
              "height": 3,
              "color": "#444444",
              "x": 0,
              "y": 33.5,
              "z": 0
            },
            {
              "type": "sphere",
              "size": 14,
              "color": "#84c8ff",
              "x": 0,
              "y": 42,
              "z": 0
            },
            {
              "type": "torus",
              "size": 20,
              "tubeSize": 1.6,
              "color": "#4499ff",
              "x": 0,
              "y": 18,
              "z": 0,
              "rotationX": 90
            },
            {
              "type": "torus",
              "size": 18,
              "tubeSize": 1.6,
              "color": "#2277ff",
              "x": 0,
              "y": 24,
              "z": 0,
              "rotationX": 90
            },
            {
              "type": "torus",
              "size": 16,
              "tubeSize": 1.6,
              "color": "#4499ff",
              "x": 0,
              "y": 30,
              "z": 0,
              "rotationX": 90
            },
            {
              "type": "cone",
              "size": 6,
              "height": 16,
              "color": "#888888",
              "x": 7,
              "y": 34,
              "z": 0,
              "rotationZ": -90
            },
            {
              "type": "cone",
              "size": 6,
              "height": 16,
              "color": "#888888",
              "x": -7,
              "y": 34,
              "z": 0,
              "rotationZ": 90
            },
            {
              "type": "cone",
              "size": 6,
              "height": 16,
              "color": "#888888",
              "x": 0,
              "y": 34,
              "z": 7,
              "rotationX": 90
            },
            {
              "type": "cone",
              "size": 6,
              "height": 16,
              "color": "#888888",
              "x": 0,
              "y": 34,
              "z": -7,
              "rotationX": -90
            },
            {
              "type": "box",
              "width": 3,
              "height": 14,
              "depth": 3,
              "color": "#888888",
              "x": 6,
              "y": 16,
              "z": 6,
              "rotationY": 45
            },
            {
              "type": "box",
              "width": 3,
              "height": 14,
              "depth": 3,
              "color": "#888888",
              "x": -6,
              "y": 16,
              "z": 6,
              "rotationY": -45
            },
            {
              "type": "box",
              "width": 3,
              "height": 14,
              "depth": 3,
              "color": "#888888",
              "x": 6,
              "y": 16,
              "z": -6,
              "rotationY": -45
            },
            {
              "type": "box",
              "width": 3,
              "height": 14,
              "depth": 3,
              "color": "#888888",
              "x": -6,
              "y": 16,
              "z": -6,
              "rotationY": 45
            },
            {
              "type": "cylinder",
              "size": 2,
              "height": 1,
              "color": "#66bbff",
              "x": 0,
              "y": 36,
              "z": 0
            }
          ]
        }
      ]
    }
  }
}