{
  "hp": 20,
  "speed": 1.4,
  "value": 8,
  "essence": 14,
  "screamDamage": 5,
  "render": {
    "animations": {
      "idle": [
        {
          "shapes": [
            {
              "type": "sphere",
              "size": 12,
              "color": "#BCA9DF",
              "x": 0,
              "y": 36,
              "z": 2
            },
            {
              "type": "cone",
              "size": 16,
              "height": 30,
              "color": "#9F8AC7",
              "x": 0,
              "y": 18,
              "z": 0,
              "rotationX": 180
            },
            {
              "type": "sphere",
              "size": 4,
              "color": "#FF3366",
              "x": 4,
              "y": 36,
              "z": 7
            },
            {
              "type": "sphere",
              "size": 4,
              "color": "#FF3366",
              "x": -4,
              "y": 36,
              "z": 7
            },
            {
              "type": "cylinder",
              "size": 3,
              "height": 16,
              "color": "#BCA9DF",
              "x": -8,
              "y": 28,
              "z": 10,
              "rotationX": 90,
              "rotationZ": 30
            },
            {
              "type": "cylinder",
              "size": 3,
              "height": 16,
              "color": "#BCA9DF",
              "x": 8,
              "y": 28,
              "z": 10,
              "rotationX": 90,
              "rotationZ": -30
            },
            {
              "type": "cylinder",
              "size": 2,
              "height": 12,
              "color": "#BCA9DF",
              "x": 3,
              "y": 33,
              "z": -10,
              "rotationX": -40
            },
            {
              "type": "cylinder",
              "size": 2,
              "height": 12,
              "color": "#BCA9DF",
              "x": -3,
              "y": 33,
              "z": -10,
              "rotationX": -40
            },
            {
              "type": "sphere",
              "size": 6,
              "color": "#000000",
              "x": 0,
              "y": 32,
              "z": 7.8,
              "rotationX": 45
            },
            {
              "type": "sphere",
              "size": 6,
              "color": "#BCA9DF",
              "x": 15,
              "y": 18,
              "z": 0
            },
            {
              "type": "sphere",
              "size": 6,
              "color": "#BCA9DF",
              "x": -15,
              "y": 18,
              "z": 0
            },
            {
              "type": "sphere",
              "size": 6,
              "color": "#BCA9DF",
              "x": 0,
              "y": 18,
              "z": -15
            }
          ]
        }
      ],
      "walk": [
        {
          "shapes": [
            {
              "type": "sphere",
              "size": 12,
              "color": "#BCA9DF",
              "x": 0,
              "y": 36,
              "z": 2
            },
            {
              "type": "cone",
              "size": 16,
              "height": 30,
              "color": "#9F8AC7",
              "x": 0,
              "y": 18,
              "z": 0,
              "rotationX": 180
            },
            {
              "type": "sphere",
              "size": 4,
              "color": "#FF3366",
              "x": 4,
              "y": 36,
              "z": 7
            },
            {
              "type": "sphere",
              "size": 4,
              "color": "#FF3366",
              "x": -4,
              "y": 36,
              "z": 7
            },
            {
              "type": "cylinder",
              "size": 3,
              "height": 16,
              "color": "#BCA9DF",
              "x": -8,
              "y": 28,
              "z": 10,
              "rotationX": 90,
              "rotationZ": 30
            },
            {
              "type": "cylinder",
              "size": 3,
              "height": 16,
              "color": "#BCA9DF",
              "x": 8,
              "y": 28,
              "z": 10,
              "rotationX": 90,
              "rotationZ": -30
            },
            {
              "type": "cylinder",
              "size": 2,
              "height": 12,
              "color": "#BCA9DF",
              "x": 3,
              "y": 33,
              "z": -10,
              "rotationX": -40
            },
            {
              "type": "cylinder",
              "size": 2,
              "height": 12,
              "color": "#BCA9DF",
              "x": -3,
              "y": 33,
              "z": -10,
              "rotationX": -40
            },
            {
              "type": "sphere",
              "size": 6,
              "color": "#000000",
              "x": 0,
              "y": 32,
              "z": 7.8,
              "rotationX": 45
            },
            {
              "type": "sphere",
              "size": 6,
              "color": "#BCA9DF",
              "x": 15,
              "y": 18,
              "z": 0
            },
            {
              "type": "sphere",
              "size": 6,
              "color": "#BCA9DF",
              "x": -15,
              "y": 18,
              "z": 0
            },
            {
              "type": "sphere",
              "size": 6,
              "color": "#BCA9DF",
              "x": 0,
              "y": 18,
              "z": -15
            }
          ]
        },
        {
          "shapes": [
            {
              "type": "sphere",
              "size": 12,
              "color": "#BCA9DF",
              "x": 0,
              "y": 36,
              "z": 2
            },
            {
              "type": "cone",
              "size": 16,
              "height": 30,
              "color": "#9F8AC7",
              "x": 0,
              "y": 18,
              "z": 0,
              "rotationX": 180
            },
            {
              "type": "sphere",
              "size": 4,
              "color": "#FF3366",
              "x": 4,
              "y": 36,
              "z": 7
            },
            {
              "type": "sphere",
              "size": 4,
              "color": "#FF3366",
              "x": -4,
              "y": 36,
              "z": 7
            },
            {
              "type": "cylinder",
              "size": 3,
              "height": 16,
              "color": "#BCA9DF",
              "x": -8,
              "y": 28,
              "z": 10,
              "rotationX": 90,
              "rotationZ": 30
            },
            {
              "type": "cylinder",
              "size": 3,
              "height": 16,
              "color": "#BCA9DF",
              "x": 8,
              "y": 28,
              "z": 10,
              "rotationX": 90,
              "rotationZ": -30
            },
            {
              "type": "cylinder",
              "size": 2,
              "height": 12,
              "color": "#BCA9DF",
              "x": 3,
              "y": 33,
              "z": -10,
              "rotationX": -40
            },
            {
              "type": "cylinder",
              "size": 2,
              "height": 12,
              "color": "#BCA9DF",
              "x": -3,
              "y": 33,
              "z": -10,
              "rotationX": -40
            },
            {
              "type": "sphere",
              "size": 6,
              "color": "#000000",
              "x": 0,
              "y": 32,
              "z": 7.8,
              "rotationX": 45
            },
            {
              "type": "sphere",
              "size": 6,
              "color": "#BCA9DF",
              "x": 15,
              "y": 18,
              "z": 0
            },
            {
              "type": "sphere",
              "size": 6,
              "color": "#BCA9DF",
              "x": -15,
              "y": 18,
              "z": 0
            },
            {
              "type": "sphere",
              "size": 6,
              "color": "#BCA9DF",
              "x": 0,
              "y": 18,
              "z": -15
            }
          ]
        },
        {
          "shapes": [
            {
              "type": "sphere",
              "size": 12,
              "color": "#BCA9DF",
              "x": 0,
              "y": 38,
              "z": 2
            },
            {
              "type": "cone",
              "size": 16,
              "height": 30,
              "color": "#9F8AC7",
              "x": 0,
              "y": 20,
              "z": 0,
              "rotationX": 180
            },
            {
              "type": "sphere",
              "size": 4,
              "color": "#FF3366",
              "x": 4,
              "y": 38,
              "z": 7
            },
            {
              "type": "sphere",
              "size": 4,
              "color": "#FF3366",
              "x": -4,
              "y": 38,
              "z": 7
            },
            {
              "type": "cylinder",
              "size": 3,
              "height": 16,
              "color": "#BCA9DF",
              "x": -8,
              "y": 30,
              "z": 10,
              "rotationX": 90,
              "rotationZ": 30
            },
            {
              "type": "cylinder",
              "size": 3,
              "height": 16,
              "color": "#BCA9DF",
              "x": 8,
              "y": 30,
              "z": 10,
              "rotationX": 90,
              "rotationZ": -30
            },
            {
              "type": "cylinder",
              "size": 2,
              "height": 12,
              "color": "#BCA9DF",
              "x": 3,
              "y": 35,
              "z": -10,
              "rotationX": -40
            },
            {
              "type": "cylinder",
              "size": 2,
              "height": 12,
              "color": "#BCA9DF",
              "x": -3,
              "y": 35,
              "z": -10,
              "rotationX": -40
            },
            {
              "type": "sphere",
              "size": 6,
              "color": "#000000",
              "x": 0,
              "y": 34,
              "z": 7.8,
              "rotationX": 45
            },
            {
              "type": "sphere",
              "size": 6,
              "color": "#BCA9DF",
              "x": 15,
              "y": 20,
              "z": 0
            },
            {
              "type": "sphere",
              "size": 6,
              "color": "#BCA9DF",
              "x": -15,
              "y": 20,
              "z": 0
            },
            {
              "type": "sphere",
              "size": 6,
              "color": "#BCA9DF",
              "x": 0,
              "y": 20,
              "z": -15
            }
          ]
        },
        {
          "shapes": [
            {
              "type": "sphere",
              "size": 12,
              "color": "#BCA9DF",
              "x": 0,
              "y": 38,
              "z": 2
            },
            {
              "type": "cone",
              "size": 16,
              "height": 30,
              "color": "#9F8AC7",
              "x": 0,
              "y": 20,
              "z": 0,
              "rotationX": 180
            },
            {
              "type": "sphere",
              "size": 4,
              "color": "#FF3366",
              "x": 4,
              "y": 38,
              "z": 7
            },
            {
              "type": "sphere",
              "size": 4,
              "color": "#FF3366",
              "x": -4,
              "y": 38,
              "z": 7
            },
            {
              "type": "cylinder",
              "size": 3,
              "height": 16,
              "color": "#BCA9DF",
              "x": -8,
              "y": 30,
              "z": 10,
              "rotationX": 90,
              "rotationZ": 30
            },
            {
              "type": "cylinder",
              "size": 3,
              "height": 16,
              "color": "#BCA9DF",
              "x": 8,
              "y": 30,
              "z": 10,
              "rotationX": 90,
              "rotationZ": -30
            },
            {
              "type": "cylinder",
              "size": 2,
              "height": 12,
              "color": "#BCA9DF",
              "x": 3,
              "y": 35,
              "z": -10,
              "rotationX": -40
            },
            {
              "type": "cylinder",
              "size": 2,
              "height": 12,
              "color": "#BCA9DF",
              "x": -3,
              "y": 35,
              "z": -10,
              "rotationX": -40
            },
            {
              "type": "sphere",
              "size": 6,
              "color": "#000000",
              "x": 0,
              "y": 34,
              "z": 7.8,
              "rotationX": 45
            },
            {
              "type": "sphere",
              "size": 6,
              "color": "#BCA9DF",
              "x": 15,
              "y": 20,
              "z": 0
            },
            {
              "type": "sphere",
              "size": 6,
              "color": "#BCA9DF",
              "x": -15,
              "y": 20,
              "z": 0
            },
            {
              "type": "sphere",
              "size": 6,
              "color": "#BCA9DF",
              "x": 0,
              "y": 20,
              "z": -15
            }
          ]
        }
      ]
    }
  },
  "evasion": 75,
  "title": "banshee"
}