{
  "essence": 5,
  "speed": 1,
  "value": 1,
  "hp": 10,
  "render": {
    "animations": {
      "idle": [
        {
          "shapes": [
            {
              "type": "box",
              "width": 14,
              "height": 18,
              "depth": 10,
              "x": 0,
              "y": 28.757142857142853,
              "z": 1.4857142857142973,
              "color": "#496a29",
              "name": "torso"
            },
            {
              "type": "sphere",
              "size": 15,
              "x": 0,
              "y": 43.75714285714285,
              "z": 1.4857142857143,
              "color": "#5c6628",
              "name": "head"
            },
            {
              "type": "box",
              "width": 5,
              "height": 4,
              "depth": 6,
              "x": 0,
              "y": 43.75714285714285,
              "z": 7.485714285714296,
              "color": "#686f20",
              "name": "nose"
            },
            {
              "type": "box",
              "width": 12,
              "height": 3,
              "depth": 6,
              "x": 0,
              "y": 40.257142857142846,
              "z": 5.485714285714296,
              "color": "#7d4023",
              "name": "jaw"
            },
            {
              "type": "sphere",
              "size": 4,
              "x": 4.5,
              "y": 45.75714285714285,
              "z": 5.985714285714293,
              "color": "#c5c5c5",
              "name": "eye-right"
            },
            {
              "type": "sphere",
              "size": 1.5,
              "x": 5,
              "y": 45.75714285714285,
              "z": 7.4857142857143,
              "color": "#000000",
              "name": "pupil-right"
            },
            {
              "type": "sphere",
              "size": 4,
              "x": -4.5,
              "y": 45.75714285714285,
              "z": 5.985714285714293,
              "color": "#c5c5c5",
              "name": "eye-left"
            },
            {
              "type": "sphere",
              "size": 1.5,
              "x": -5,
              "y": 45.75714285714285,
              "z": 7.4857142857143,
              "color": "#000000",
              "name": "pupil-left"
            },
            {
              "type": "box",
              "width": 6,
              "height": 20,
              "depth": 6,
              "x": 11.999999999999998,
              "y": 29.75714285714285,
              "z": 1.4857142857142973,
              "color": "#496a29",
              "name": "arm-right"
            },
            {
              "type": "box",
              "width": 6,
              "height": 20,
              "depth": 6,
              "x": -12.000000000000002,
              "y": 29.75714285714285,
              "z": 1.4857142857142973,
              "color": "#496a29",
              "name": "arm-left"
            },
            {
              "type": "box",
              "width": 8,
              "height": 5,
              "depth": 7,
              "x": 11.999999999999998,
              "y": 17.757142857142853,
              "z": 2.4857142857142978,
              "color": "#496a29",
              "name": "hand-right"
            },
            {
              "type": "box",
              "width": 8,
              "height": 5,
              "depth": 7,
              "x": -12.000000000000002,
              "y": 17.757142857142853,
              "z": 2.4857142857142978,
              "color": "#496a29",
              "name": "hand-left"
            },
            {
              "type": "box",
              "width": 6,
              "height": 15,
              "depth": 6,
              "x": 4,
              "y": 9.75714285714285,
              "z": 1.4857142857142982,
              "color": "#496a29",
              "name": "leg-right"
            },
            {
              "type": "box",
              "width": 6,
              "height": 15,
              "depth": 6,
              "x": -4,
              "y": 9.75714285714285,
              "z": 1.4857142857142982,
              "color": "#496a29",
              "name": "leg-left"
            },
            {
              "type": "box",
              "width": 7,
              "height": 3,
              "depth": 10,
              "x": 4,
              "y": 1.7571428571428456,
              "z": 3.4857142857143026,
              "color": "#3B3B3B",
              "name": "foot-right"
            },
            {
              "type": "box",
              "width": 7,
              "height": 3,
              "depth": 10,
              "x": -4,
              "y": 1.7571428571428456,
              "z": 3.4857142857143026,
              "color": "#3B3B3B",
              "name": "foot-left"
            },
            {
              "type": "box",
              "width": 3,
              "height": 6,
              "depth": 2,
              "x": 6.499999999999998,
              "y": 46.75714285714285,
              "z": 0.4857142857142964,
              "color": "#686b23",
              "name": "ear-right"
            },
            {
              "type": "box",
              "width": 3,
              "height": 6,
              "depth": 2,
              "x": -6.5,
              "y": 46.75714285714285,
              "z": 0.4857142857142964,
              "color": "#686b23",
              "name": "ear-left"
            },
            {
              "type": "cone",
              "size": 16,
              "height": 5,
              "x": 0,
              "y": 50.2,
              "z": 1.4857142857142929,
              "rotationX": 0,
              "color": "#555555",
              "name": "helmet"
            },
            {
              "type": "box",
              "width": 1.5,
              "height": 3,
              "depth": 0.7,
              "x": 4,
              "y": 38.75714285714285,
              "z": 8.485714285714296,
              "color": "#c5c5c5",
              "name": "tusk-right"
            },
            {
              "type": "box",
              "width": 1.5,
              "height": 3,
              "depth": 0.7,
              "x": -4,
              "y": 38.75714285714285,
              "z": 8.485714285714296,
              "color": "#c5c5c5",
              "name": "tusk-left"
            },
            {
              "type": "box",
              "width": 15,
              "height": 3,
              "depth": 11,
              "x": 0,
              "y": 19.757142857142853,
              "z": 1.4857142857142982,
              "color": "#8B4513",
              "name": "belt"
            },
            {
              "type": "box",
              "width": 7,
              "height": 9,
              "depth": 3,
              "x": 0,
              "y": 42.75714285714285,
              "z": -4.514285714285706,
              "color": "#222222",
              "name": "hair"
            },
            {
              "type": "cylinder",
              "size": 3,
              "height": 30,
              "x": 11.999999999999998,
              "y": 14.999999999999996,
              "z": 7.000000000000014,
              "color": "#8B4513",
              "name": "club-handle",
              "rotationZ": 0,
              "rotationX": 90
            },
            {
              "type": "sphere",
              "size": 9,
              "x": 11.999999999999998,
              "y": 14.999999999999996,
              "z": 18.000000000000014,
              "color": "#8B4513",
              "name": "club-head"
            },
            {
              "type": "cone",
              "size": 4,
              "height": 5,
              "x": 12.1,
              "y": 19.999999999999996,
              "z": 18.000000000000014,
              "rotationY": 90,
              "color": "#808080",
              "name": "club-spike-1"
            },
            {
              "type": "cone",
              "size": 4,
              "height": 5,
              "x": 12.1,
              "y": 9.999999999999996,
              "z": 18.000000000000014,
              "rotationY": 0,
              "color": "#808080",
              "name": "club-spike-2",
              "rotationX": 180
            },
            {
              "type": "cone",
              "size": 4,
              "height": 5,
              "x": 6.6,
              "y": 14.999999999999996,
              "z": 18.000000000000014,
              "rotationY": 0,
              "color": "#808080",
              "name": "club-spike-3",
              "rotationZ": 90,
              "rotationX": 0
            },
            {
              "type": "cone",
              "size": 4,
              "height": 5,
              "x": 17.6,
              "y": 14.999999999999996,
              "z": 18.000000000000014,
              "rotationY": 0,
              "color": "#808080",
              "name": "club-spike-4",
              "rotationX": 90,
              "rotationZ": -90
            },
            {
              "type": "cone",
              "size": 4,
              "height": 5,
              "x": 11.999999999999998,
              "y": 14.999999999999995,
              "z": 24.00000000000002,
              "rotationX": 90,
              "color": "#808080",
              "name": "club-spike-top"
            },
            {
              "type": "box",
              "width": 12,
              "height": 4,
              "depth": 4,
              "x": 0,
              "y": 23.757142857142853,
              "z": -3.5142857142857027,
              "color": "#333333",
              "name": "back-armor"
            },
            {
              "type": "box",
              "width": 7,
              "height": 7,
              "depth": 2,
              "x": 12,
              "y": 40,
              "z": 1.4857142857142973,
              "color": "#796020",
              "name": "shoulder-pad-right",
              "rotationX": 90
            },
            {
              "type": "box",
              "width": 7,
              "height": 7,
              "depth": 2,
              "x": -12,
              "y": 40,
              "z": 1.4857142857142973,
              "color": "#796020",
              "name": "shoulder-pad-left",
              "rotationX": 90
            }
          ]
        }
      ],
      "walk": [
        {
          "shapes": [
            {
              "type": "box",
              "width": 14,
              "height": 18,
              "depth": 10,
              "x": 0,
              "y": 28.757142857142853,
              "z": 1.4857142857142973,
              "color": "#496a29",
              "name": "torso"
            },
            {
              "type": "sphere",
              "size": 15,
              "x": 0,
              "y": 43.75714285714285,
              "z": 1.4857142857143,
              "color": "#5c6628",
              "name": "head"
            },
            {
              "type": "box",
              "width": 5,
              "height": 4,
              "depth": 6,
              "x": 0,
              "y": 43.75714285714285,
              "z": 7.485714285714296,
              "color": "#686f20",
              "name": "nose"
            },
            {
              "type": "box",
              "width": 12,
              "height": 3,
              "depth": 6,
              "x": 0,
              "y": 40.257142857142846,
              "z": 5.485714285714296,
              "color": "#7d4023",
              "name": "jaw"
            },
            {
              "type": "sphere",
              "size": 4,
              "x": 4.5,
              "y": 45.75714285714285,
              "z": 5.985714285714293,
              "color": "#c5c5c5",
              "name": "eye-right"
            },
            {
              "type": "sphere",
              "size": 1.5,
              "x": 5,
              "y": 45.75714285714285,
              "z": 7.4857142857143,
              "color": "#000000",
              "name": "pupil-right"
            },
            {
              "type": "sphere",
              "size": 4,
              "x": -4.5,
              "y": 45.75714285714285,
              "z": 5.985714285714293,
              "color": "#c5c5c5",
              "name": "eye-left"
            },
            {
              "type": "sphere",
              "size": 1.5,
              "x": -5,
              "y": 45.75714285714285,
              "z": 7.4857142857143,
              "color": "#000000",
              "name": "pupil-left"
            },
            {
              "type": "box",
              "width": 6,
              "height": 20,
              "depth": 6,
              "x": 11.999999999999998,
              "y": 29.75714285714285,
              "z": 1.4857142857142973,
              "color": "#496a29",
              "name": "arm-right"
            },
            {
              "type": "box",
              "width": 6,
              "height": 20,
              "depth": 6,
              "x": -12.000000000000002,
              "y": 29.75714285714285,
              "z": 1.4857142857142973,
              "color": "#496a29",
              "name": "arm-left"
            },
            {
              "type": "box",
              "width": 8,
              "height": 5,
              "depth": 7,
              "x": 11.999999999999998,
              "y": 17.757142857142853,
              "z": 2.4857142857142978,
              "color": "#496a29",
              "name": "hand-right"
            },
            {
              "type": "box",
              "width": 8,
              "height": 5,
              "depth": 7,
              "x": -12.000000000000002,
              "y": 17.757142857142853,
              "z": 2.4857142857142978,
              "color": "#496a29",
              "name": "hand-left"
            },
            {
              "type": "box",
              "width": 6,
              "height": 15,
              "depth": 6,
              "x": 4,
              "y": 9.75714285714285,
              "z": 1.4857142857142982,
              "color": "#496a29",
              "name": "leg-right"
            },
            {
              "type": "box",
              "width": 6,
              "height": 15,
              "depth": 6,
              "x": -4,
              "y": 9.75714285714285,
              "z": 1.4857142857142982,
              "color": "#496a29",
              "name": "leg-left"
            },
            {
              "type": "box",
              "width": 7,
              "height": 3,
              "depth": 10,
              "x": 4,
              "y": 1.7571428571428456,
              "z": 3.4857142857143026,
              "color": "#3B3B3B",
              "name": "foot-right"
            },
            {
              "type": "box",
              "width": 7,
              "height": 3,
              "depth": 10,
              "x": -4,
              "y": 1.7571428571428456,
              "z": 3.4857142857143026,
              "color": "#3B3B3B",
              "name": "foot-left"
            },
            {
              "type": "box",
              "width": 3,
              "height": 6,
              "depth": 2,
              "x": 6.499999999999998,
              "y": 46.75714285714285,
              "z": 0.4857142857142964,
              "color": "#686b23",
              "name": "ear-right"
            },
            {
              "type": "box",
              "width": 3,
              "height": 6,
              "depth": 2,
              "x": -6.5,
              "y": 46.75714285714285,
              "z": 0.4857142857142964,
              "color": "#686b23",
              "name": "ear-left"
            },
            {
              "type": "cone",
              "size": 16,
              "height": 5,
              "x": 0,
              "y": 50.2,
              "z": 1.4857142857142929,
              "rotationX": 0,
              "color": "#555555",
              "name": "helmet"
            },
            {
              "type": "box",
              "width": 1.5,
              "height": 3,
              "depth": 0.7,
              "x": 4,
              "y": 38.75714285714285,
              "z": 8.485714285714296,
              "color": "#c5c5c5",
              "name": "tusk-right"
            },
            {
              "type": "box",
              "width": 1.5,
              "height": 3,
              "depth": 0.7,
              "x": -4,
              "y": 38.75714285714285,
              "z": 8.485714285714296,
              "color": "#c5c5c5",
              "name": "tusk-left"
            },
            {
              "type": "box",
              "width": 15,
              "height": 3,
              "depth": 11,
              "x": 0,
              "y": 19.757142857142853,
              "z": 1.4857142857142982,
              "color": "#8B4513",
              "name": "belt"
            },
            {
              "type": "box",
              "width": 7,
              "height": 9,
              "depth": 3,
              "x": 0,
              "y": 42.75714285714285,
              "z": -4.514285714285706,
              "color": "#222222",
              "name": "hair"
            },
            {
              "type": "cylinder",
              "size": 3,
              "height": 30,
              "x": 11.999999999999998,
              "y": 14.999999999999996,
              "z": 7.000000000000014,
              "color": "#8B4513",
              "name": "club-handle",
              "rotationZ": 0,
              "rotationX": 90
            },
            {
              "type": "sphere",
              "size": 9,
              "x": 11.999999999999998,
              "y": 14.999999999999996,
              "z": 18.000000000000014,
              "color": "#8B4513",
              "name": "club-head"
            },
            {
              "type": "cone",
              "size": 4,
              "height": 5,
              "x": 12.1,
              "y": 19.999999999999996,
              "z": 18.000000000000014,
              "rotationY": 90,
              "color": "#808080",
              "name": "club-spike-1"
            },
            {
              "type": "cone",
              "size": 4,
              "height": 5,
              "x": 12.1,
              "y": 9.999999999999996,
              "z": 18.000000000000014,
              "rotationY": 0,
              "color": "#808080",
              "name": "club-spike-2",
              "rotationX": 180
            },
            {
              "type": "cone",
              "size": 4,
              "height": 5,
              "x": 6.6,
              "y": 14.999999999999996,
              "z": 18.000000000000014,
              "rotationY": 0,
              "color": "#808080",
              "name": "club-spike-3",
              "rotationZ": 90,
              "rotationX": 0
            },
            {
              "type": "cone",
              "size": 4,
              "height": 5,
              "x": 17.6,
              "y": 14.999999999999996,
              "z": 18.000000000000014,
              "rotationY": 0,
              "color": "#808080",
              "name": "club-spike-4",
              "rotationX": 90,
              "rotationZ": -90
            },
            {
              "type": "cone",
              "size": 4,
              "height": 5,
              "x": 11.999999999999998,
              "y": 14.999999999999995,
              "z": 24.00000000000002,
              "rotationX": 90,
              "color": "#808080",
              "name": "club-spike-top"
            },
            {
              "type": "box",
              "width": 12,
              "height": 4,
              "depth": 4,
              "x": 0,
              "y": 23.757142857142853,
              "z": -3.5142857142857027,
              "color": "#333333",
              "name": "back-armor"
            },
            {
              "type": "box",
              "width": 7,
              "height": 7,
              "depth": 2,
              "x": 12,
              "y": 40,
              "z": 1.4857142857142973,
              "color": "#796020",
              "name": "shoulder-pad-right",
              "rotationX": 90
            },
            {
              "type": "box",
              "width": 7,
              "height": 7,
              "depth": 2,
              "x": -12,
              "y": 40,
              "z": 1.4857142857142973,
              "color": "#796020",
              "name": "shoulder-pad-left",
              "rotationX": 90
            }
          ]
        },
        {
          "shapes": [
            {
              "type": "box",
              "width": 14,
              "height": 18,
              "depth": 10,
              "x": 0,
              "y": 26.757142857142853,
              "z": 1.4857142857142973,
              "color": "#496a29",
              "name": "torso",
              "rotationY": -10
            },
            {
              "type": "sphere",
              "size": 15,
              "x": 0,
              "y": 41.75714285714285,
              "z": 1.4857142857143,
              "color": "#5c6628",
              "name": "head"
            },
            {
              "type": "box",
              "width": 5,
              "height": 4,
              "depth": 6,
              "x": 0,
              "y": 41.75714285714285,
              "z": 7.485714285714296,
              "color": "#686f20",
              "name": "nose"
            },
            {
              "type": "box",
              "width": 12,
              "height": 3,
              "depth": 6,
              "x": 0,
              "y": 38.257142857142846,
              "z": 5.485714285714296,
              "color": "#7d4023",
              "name": "jaw"
            },
            {
              "type": "sphere",
              "size": 4,
              "x": 4.5,
              "y": 43.75714285714285,
              "z": 5.985714285714293,
              "color": "#c5c5c5",
              "name": "eye-right"
            },
            {
              "type": "sphere",
              "size": 1.5,
              "x": 5,
              "y": 43.75714285714285,
              "z": 7.4857142857143,
              "color": "#000000",
              "name": "pupil-right"
            },
            {
              "type": "sphere",
              "size": 4,
              "x": -4.5,
              "y": 43.75714285714285,
              "z": 5.985714285714293,
              "color": "#c5c5c5",
              "name": "eye-left"
            },
            {
              "type": "sphere",
              "size": 1.5,
              "x": -5,
              "y": 43.75714285714285,
              "z": 7.4857142857143,
              "color": "#000000",
              "name": "pupil-left"
            },
            {
              "type": "box",
              "width": 6,
              "height": 20,
              "depth": 6,
              "x": 11.999999999999998,
              "y": 27.75714285714285,
              "z": -1,
              "color": "#496a29",
              "name": "arm-right",
              "rotationX": 11
            },
            {
              "type": "box",
              "width": 6,
              "height": 20,
              "depth": 6,
              "x": -12.000000000000002,
              "y": 27.75714285714285,
              "z": 3.6,
              "color": "#496a29",
              "name": "arm-left",
              "rotationX": -14
            },
            {
              "type": "box",
              "width": 8,
              "height": 5,
              "depth": 7,
              "x": 11.6,
              "y": 15.757142857142853,
              "z": -3.2,
              "color": "#496a29",
              "name": "hand-right",
              "rotationX": 10
            },
            {
              "type": "box",
              "width": 8,
              "height": 5,
              "depth": 7,
              "x": -12.4,
              "y": 15.757142857142853,
              "z": 6.5,
              "color": "#496a29",
              "name": "hand-left",
              "rotationX": -14
            },
            {
              "type": "box",
              "width": 6,
              "height": 15,
              "depth": 6,
              "x": 4,
              "y": 7.757142857142849,
              "z": 3,
              "color": "#496a29",
              "name": "leg-right",
              "rotationX": -4
            },
            {
              "type": "box",
              "width": 6,
              "height": 15,
              "depth": 6,
              "x": -4,
              "y": 7.757142857142849,
              "z": -1,
              "color": "#496a29",
              "name": "leg-left",
              "rotationX": 21
            },
            {
              "type": "box",
              "width": 7,
              "height": 3,
              "depth": 10,
              "x": 4,
              "y": -0.24285714285715443,
              "z": 5.1,
              "color": "#3B3B3B",
              "name": "foot-right"
            },
            {
              "type": "box",
              "width": 7,
              "height": 3,
              "depth": 10,
              "x": -4.1,
              "y": 1,
              "z": -1.6,
              "color": "#3B3B3B",
              "name": "foot-left",
              "rotationX": 26
            },
            {
              "type": "box",
              "width": 3,
              "height": 6,
              "depth": 2,
              "x": 6.499999999999998,
              "y": 44.75714285714285,
              "z": 0.4857142857142964,
              "color": "#686b23",
              "name": "ear-right"
            },
            {
              "type": "box",
              "width": 3,
              "height": 6,
              "depth": 2,
              "x": -6.5,
              "y": 44.75714285714285,
              "z": 0.4857142857142964,
              "color": "#686b23",
              "name": "ear-left"
            },
            {
              "type": "cone",
              "size": 16,
              "height": 5,
              "x": 0,
              "y": 48.2,
              "z": 1.4857142857142929,
              "rotationX": 0,
              "color": "#555555",
              "name": "helmet"
            },
            {
              "type": "box",
              "width": 1.5,
              "height": 3,
              "depth": 0.7,
              "x": 4,
              "y": 36.75714285714285,
              "z": 8.485714285714296,
              "color": "#c5c5c5",
              "name": "tusk-right"
            },
            {
              "type": "box",
              "width": 1.5,
              "height": 3,
              "depth": 0.7,
              "x": -4,
              "y": 36.75714285714285,
              "z": 8.485714285714296,
              "color": "#c5c5c5",
              "name": "tusk-left"
            },
            {
              "type": "box",
              "width": 15,
              "height": 3,
              "depth": 11,
              "x": 0,
              "y": 17.757142857142853,
              "z": 1.4857142857142982,
              "color": "#8B4513",
              "name": "belt",
              "rotationY": -10
            },
            {
              "type": "box",
              "width": 7,
              "height": 9,
              "depth": 3,
              "x": 0,
              "y": 40.75714285714285,
              "z": -4.514285714285706,
              "color": "#222222",
              "name": "hair"
            },
            {
              "type": "cylinder",
              "size": 3,
              "height": 30,
              "x": 11.999999999999998,
              "y": 12.999999999999996,
              "z": 2.6,
              "color": "#8B4513",
              "name": "club-handle",
              "rotationZ": 0,
              "rotationX": -60
            },
            {
              "type": "sphere",
              "size": 9,
              "x": 12.1,
              "y": 5,
              "z": 17,
              "color": "#8B4513",
              "name": "club-head"
            },
            {
              "type": "cone",
              "size": 4,
              "height": 5,
              "x": 12.1,
              "y": 9.5,
              "z": 19.7,
              "rotationY": 0,
              "color": "#808080",
              "name": "club-spike-1",
              "rotationX": 30
            },
            {
              "type": "cone",
              "size": 4,
              "height": 5,
              "x": 12.1,
              "y": 0,
              "z": 14.5,
              "rotationY": 0,
              "color": "#808080",
              "name": "club-spike-2",
              "rotationX": -150
            },
            {
              "type": "cone",
              "size": 4,
              "height": 5,
              "x": 7.5,
              "y": 4.8,
              "z": 17.3,
              "rotationY": 0,
              "color": "#808080",
              "name": "club-spike-3",
              "rotationZ": 90,
              "rotationX": 0
            },
            {
              "type": "cone",
              "size": 4,
              "height": 5,
              "x": 16.6,
              "y": 4.8,
              "z": 17.3,
              "rotationY": 0,
              "color": "#808080",
              "name": "club-spike-4",
              "rotationX": 90,
              "rotationZ": -90
            },
            {
              "type": "cone",
              "size": 4,
              "height": 5,
              "x": 12.1,
              "y": 2.5999999999999996,
              "z": 21,
              "rotationX": 120,
              "color": "#808080",
              "name": "club-spike-top"
            },
            {
              "type": "box",
              "width": 12,
              "height": 4,
              "depth": 4,
              "x": 0,
              "y": 21.757142857142853,
              "z": -3.5142857142857027,
              "color": "#333333",
              "name": "back-armor"
            },
            {
              "type": "box",
              "width": 7,
              "height": 7,
              "depth": 2,
              "x": 12,
              "y": 38,
              "z": 1,
              "color": "#796020",
              "name": "shoulder-pad-right",
              "rotationX": 105
            },
            {
              "type": "box",
              "width": 7,
              "height": 7,
              "depth": 2,
              "x": -12,
              "y": 38,
              "z": 1,
              "color": "#796020",
              "name": "shoulder-pad-left",
              "rotationX": 75
            }
          ]
        },
        {
          "shapes": [
            {
              "type": "box",
              "width": 14,
              "height": 18,
              "depth": 10,
              "x": 0,
              "y": 28.757142857142853,
              "z": 1.4857142857142973,
              "color": "#496a29",
              "name": "torso"
            },
            {
              "type": "sphere",
              "size": 15,
              "x": 0,
              "y": 43.75714285714285,
              "z": 1.4857142857143,
              "color": "#5c6628",
              "name": "head"
            },
            {
              "type": "box",
              "width": 5,
              "height": 4,
              "depth": 6,
              "x": 0,
              "y": 43.75714285714285,
              "z": 7.485714285714296,
              "color": "#686f20",
              "name": "nose"
            },
            {
              "type": "box",
              "width": 12,
              "height": 3,
              "depth": 6,
              "x": 0,
              "y": 40.257142857142846,
              "z": 5.485714285714296,
              "color": "#7d4023",
              "name": "jaw"
            },
            {
              "type": "sphere",
              "size": 4,
              "x": 4.5,
              "y": 45.75714285714285,
              "z": 5.985714285714293,
              "color": "#c5c5c5",
              "name": "eye-right"
            },
            {
              "type": "sphere",
              "size": 1.5,
              "x": 5,
              "y": 45.75714285714285,
              "z": 7.4857142857143,
              "color": "#000000",
              "name": "pupil-right"
            },
            {
              "type": "sphere",
              "size": 4,
              "x": -4.5,
              "y": 45.75714285714285,
              "z": 5.985714285714293,
              "color": "#c5c5c5",
              "name": "eye-left"
            },
            {
              "type": "sphere",
              "size": 1.5,
              "x": -5,
              "y": 45.75714285714285,
              "z": 7.4857142857143,
              "color": "#000000",
              "name": "pupil-left"
            },
            {
              "type": "box",
              "width": 6,
              "height": 20,
              "depth": 6,
              "x": 11.999999999999998,
              "y": 29.757142857142853,
              "z": 1.4857142857142973,
              "color": "#496a29",
              "name": "arm-right"
            },
            {
              "type": "box",
              "width": 6,
              "height": 20,
              "depth": 6,
              "x": -12.000000000000002,
              "y": 29.757142857142853,
              "z": 1.4857142857142973,
              "color": "#496a29",
              "name": "arm-left"
            },
            {
              "type": "box",
              "width": 8,
              "height": 5,
              "depth": 7,
              "x": 11.999999999999998,
              "y": 17.757142857142853,
              "z": 2.4857142857142978,
              "color": "#496a29",
              "name": "hand-right"
            },
            {
              "type": "box",
              "width": 8,
              "height": 5,
              "depth": 7,
              "x": -12.000000000000002,
              "y": 17.757142857142853,
              "z": 2.4857142857142978,
              "color": "#496a29",
              "name": "hand-left"
            },
            {
              "type": "box",
              "width": 6,
              "height": 15,
              "depth": 6,
              "x": 4,
              "y": 9.75714285714285,
              "z": 1.4857142857142982,
              "color": "#496a29",
              "name": "leg-right"
            },
            {
              "type": "box",
              "width": 6,
              "height": 15,
              "depth": 6,
              "x": -4,
              "y": 9.75714285714285,
              "z": 1.4857142857142982,
              "color": "#496a29",
              "name": "leg-left"
            },
            {
              "type": "box",
              "width": 7,
              "height": 3,
              "depth": 10,
              "x": 4,
              "y": 1.7571428571428456,
              "z": 3.4857142857143026,
              "color": "#3B3B3B",
              "name": "foot-right"
            },
            {
              "type": "box",
              "width": 7,
              "height": 3,
              "depth": 10,
              "x": -4,
              "y": 1.7571428571428456,
              "z": 3.4857142857143026,
              "color": "#3B3B3B",
              "name": "foot-left"
            },
            {
              "type": "box",
              "width": 3,
              "height": 6,
              "depth": 2,
              "x": 6.499999999999998,
              "y": 46.75714285714285,
              "z": 0.4857142857142964,
              "color": "#686b23",
              "name": "ear-right"
            },
            {
              "type": "box",
              "width": 3,
              "height": 6,
              "depth": 2,
              "x": -6.5,
              "y": 46.75714285714285,
              "z": 0.4857142857142964,
              "color": "#686b23",
              "name": "ear-left"
            },
            {
              "type": "cone",
              "size": 16,
              "height": 5,
              "x": 0,
              "y": 50.2,
              "z": 1.4857142857142929,
              "rotationX": 0,
              "color": "#555555",
              "name": "helmet"
            },
            {
              "type": "box",
              "width": 1.5,
              "height": 3,
              "depth": 0.7,
              "x": 4,
              "y": 38.75714285714285,
              "z": 8.485714285714296,
              "color": "#c5c5c5",
              "name": "tusk-right"
            },
            {
              "type": "box",
              "width": 1.5,
              "height": 3,
              "depth": 0.7,
              "x": -4,
              "y": 38.75714285714285,
              "z": 8.485714285714296,
              "color": "#c5c5c5",
              "name": "tusk-left"
            },
            {
              "type": "box",
              "width": 15,
              "height": 3,
              "depth": 11,
              "x": 0,
              "y": 19.757142857142853,
              "z": 1.4857142857142982,
              "color": "#8B4513",
              "name": "belt"
            },
            {
              "type": "box",
              "width": 7,
              "height": 9,
              "depth": 3,
              "x": 0,
              "y": 42.75714285714285,
              "z": -4.514285714285706,
              "color": "#222222",
              "name": "hair"
            },
            {
              "type": "cylinder",
              "size": 3,
              "height": 30,
              "x": 11.999999999999998,
              "y": 14.999999999999996,
              "z": 7.000000000000014,
              "color": "#8B4513",
              "name": "club-handle",
              "rotationZ": 0,
              "rotationX": 90
            },
            {
              "type": "sphere",
              "size": 9,
              "x": 11.999999999999998,
              "y": 14.999999999999996,
              "z": 18.000000000000014,
              "color": "#8B4513",
              "name": "club-head"
            },
            {
              "type": "cone",
              "size": 4,
              "height": 5,
              "x": 12.1,
              "y": 19.999999999999996,
              "z": 18.000000000000014,
              "rotationY": 90,
              "color": "#808080",
              "name": "club-spike-1"
            },
            {
              "type": "cone",
              "size": 4,
              "height": 5,
              "x": 12.1,
              "y": 9.999999999999996,
              "z": 18.000000000000014,
              "rotationY": 0,
              "color": "#808080",
              "name": "club-spike-2",
              "rotationX": 180
            },
            {
              "type": "cone",
              "size": 4,
              "height": 5,
              "x": 6.6,
              "y": 14.999999999999996,
              "z": 18.000000000000014,
              "rotationY": 0,
              "color": "#808080",
              "name": "club-spike-3",
              "rotationZ": 90,
              "rotationX": 0
            },
            {
              "type": "cone",
              "size": 4,
              "height": 5,
              "x": 17.6,
              "y": 14.999999999999996,
              "z": 18.000000000000014,
              "rotationY": 0,
              "color": "#808080",
              "name": "club-spike-4",
              "rotationX": 90,
              "rotationZ": -90
            },
            {
              "type": "cone",
              "size": 4,
              "height": 5,
              "x": 11.999999999999998,
              "y": 14.999999999999993,
              "z": 24.00000000000002,
              "rotationX": 90,
              "color": "#808080",
              "name": "club-spike-top"
            },
            {
              "type": "box",
              "width": 12,
              "height": 4,
              "depth": 4,
              "x": 0,
              "y": 23.757142857142853,
              "z": -3.5142857142857027,
              "color": "#333333",
              "name": "back-armor"
            },
            {
              "type": "box",
              "width": 7,
              "height": 7,
              "depth": 2,
              "x": 12,
              "y": 40,
              "z": 1.4857142857142973,
              "color": "#796020",
              "name": "shoulder-pad-right",
              "rotationX": 90
            },
            {
              "type": "box",
              "width": 7,
              "height": 7,
              "depth": 2,
              "x": -12,
              "y": 40,
              "z": 1.4857142857142973,
              "color": "#796020",
              "name": "shoulder-pad-left",
              "rotationX": 90
            }
          ]
        },
        {
          "shapes": [
            {
              "type": "box",
              "width": 14,
              "height": 18,
              "depth": 10,
              "x": 0,
              "y": 26.757142857142853,
              "z": 1.4857142857142973,
              "color": "#496a29",
              "name": "torso",
              "rotationY": 10
            },
            {
              "type": "sphere",
              "size": 15,
              "x": 0,
              "y": 41.75714285714285,
              "z": 1.4857142857143,
              "color": "#5c6628",
              "name": "head"
            },
            {
              "type": "box",
              "width": 5,
              "height": 4,
              "depth": 6,
              "x": 0,
              "y": 41.75714285714285,
              "z": 7.485714285714296,
              "color": "#686f20",
              "name": "nose"
            },
            {
              "type": "box",
              "width": 12,
              "height": 3,
              "depth": 6,
              "x": 0,
              "y": 38.257142857142846,
              "z": 5.485714285714296,
              "color": "#7d4023",
              "name": "jaw"
            },
            {
              "type": "sphere",
              "size": 4,
              "x": 4.5,
              "y": 43.75714285714285,
              "z": 5.985714285714293,
              "color": "#c5c5c5",
              "name": "eye-right"
            },
            {
              "type": "sphere",
              "size": 1.5,
              "x": 5,
              "y": 43.75714285714285,
              "z": 7.4857142857143,
              "color": "#000000",
              "name": "pupil-right"
            },
            {
              "type": "sphere",
              "size": 4,
              "x": -4.5,
              "y": 43.75714285714285,
              "z": 5.985714285714293,
              "color": "#c5c5c5",
              "name": "eye-left"
            },
            {
              "type": "sphere",
              "size": 1.5,
              "x": -5,
              "y": 43.75714285714285,
              "z": 7.4857142857143,
              "color": "#000000",
              "name": "pupil-left"
            },
            {
              "type": "box",
              "width": 6,
              "height": 20,
              "depth": 6,
              "x": 11.999999999999998,
              "y": 27.75714285714285,
              "z": 3,
              "color": "#496a29",
              "name": "arm-right",
              "rotationX": -14
            },
            {
              "type": "box",
              "width": 6,
              "height": 20,
              "depth": 6,
              "x": -11.9,
              "y": 27.75714285714285,
              "z": 1.4857142857142973,
              "color": "#496a29",
              "name": "arm-left",
              "rotationX": 16
            },
            {
              "type": "box",
              "width": 8,
              "height": 5,
              "depth": 7,
              "x": 11.999999999999998,
              "y": 15.757142857142853,
              "z": 6,
              "color": "#496a29",
              "name": "hand-right",
              "rotationX": -14
            },
            {
              "type": "box",
              "width": 8,
              "height": 5,
              "depth": 7,
              "x": -12.000000000000002,
              "y": 16,
              "z": -1.7,
              "color": "#496a29",
              "name": "hand-left",
              "rotationX": 11
            },
            {
              "type": "box",
              "width": 6,
              "height": 15,
              "depth": 6,
              "x": 4,
              "y": 7.757142857142849,
              "z": -1.3,
              "color": "#496a29",
              "name": "leg-right",
              "rotationX": 16
            },
            {
              "type": "box",
              "width": 6,
              "height": 15,
              "depth": 6,
              "x": -4,
              "y": 7.757142857142849,
              "z": 5,
              "color": "#496a29",
              "name": "leg-left",
              "rotationY": 0,
              "rotationX": -15
            },
            {
              "type": "box",
              "width": 7,
              "height": 3,
              "depth": 10,
              "x": 4,
              "y": 0.20000000000000018,
              "z": -1.4,
              "color": "#3B3B3B",
              "name": "foot-right",
              "rotationX": 16
            },
            {
              "type": "box",
              "width": 7,
              "height": 3,
              "depth": 10,
              "x": -4,
              "y": -0.24285714285715443,
              "z": 8.1,
              "color": "#3B3B3B",
              "name": "foot-left"
            },
            {
              "type": "box",
              "width": 3,
              "height": 6,
              "depth": 2,
              "x": 6.499999999999998,
              "y": 44.75714285714285,
              "z": 0.4857142857142964,
              "color": "#686b23",
              "name": "ear-right"
            },
            {
              "type": "box",
              "width": 3,
              "height": 6,
              "depth": 2,
              "x": -6.5,
              "y": 44.75714285714285,
              "z": 0.4857142857142964,
              "color": "#686b23",
              "name": "ear-left"
            },
            {
              "type": "cone",
              "size": 16,
              "height": 5,
              "x": 0,
              "y": 48.2,
              "z": 1.4857142857142929,
              "rotationX": 0,
              "color": "#555555",
              "name": "helmet"
            },
            {
              "type": "box",
              "width": 1.5,
              "height": 3,
              "depth": 0.7,
              "x": 4,
              "y": 36.75714285714285,
              "z": 8.485714285714296,
              "color": "#c5c5c5",
              "name": "tusk-right"
            },
            {
              "type": "box",
              "width": 1.5,
              "height": 3,
              "depth": 0.7,
              "x": -4,
              "y": 36.75714285714285,
              "z": 8.485714285714296,
              "color": "#c5c5c5",
              "name": "tusk-left"
            },
            {
              "type": "box",
              "width": 15,
              "height": 3,
              "depth": 11,
              "x": 0,
              "y": 17.757142857142853,
              "z": 1.4857142857142982,
              "color": "#8B4513",
              "name": "belt",
              "rotationY": 10
            },
            {
              "type": "box",
              "width": 7,
              "height": 9,
              "depth": 3,
              "x": 0,
              "y": 40.75714285714285,
              "z": -4.514285714285706,
              "color": "#222222",
              "name": "hair"
            },
            {
              "type": "cylinder",
              "size": 3,
              "height": 30,
              "x": 11.999999999999998,
              "y": 12.999999999999996,
              "z": 7.000000000000014,
              "color": "#8B4513",
              "name": "club-handle",
              "rotationZ": 0,
              "rotationX": 60
            },
            {
              "type": "sphere",
              "size": 9,
              "x": 12.1,
              "y": 20,
              "z": 20,
              "color": "#8B4513",
              "name": "club-head"
            },
            {
              "type": "cone",
              "size": 4,
              "height": 5,
              "x": 12.1,
              "y": 24.4,
              "z": 18.000000000000014,
              "rotationY": 90,
              "color": "#808080",
              "name": "club-spike-1",
              "rotationX": -24
            },
            {
              "type": "cone",
              "size": 4,
              "height": 5,
              "x": 12.1,
              "y": 15.2,
              "z": 21.8,
              "rotationY": 0,
              "color": "#808080",
              "name": "club-spike-2",
              "rotationX": 160
            },
            {
              "type": "cone",
              "size": 4,
              "height": 5,
              "x": 7.6,
              "y": 20,
              "z": 20,
              "rotationY": 0,
              "color": "#808080",
              "name": "club-spike-3",
              "rotationZ": 90,
              "rotationX": 0
            },
            {
              "type": "cone",
              "size": 4,
              "height": 5,
              "x": 16.700000000000003,
              "y": 20,
              "z": 20,
              "rotationY": 0,
              "color": "#808080",
              "name": "club-spike-4",
              "rotationX": 90,
              "rotationZ": -90
            },
            {
              "type": "cone",
              "size": 4,
              "height": 5,
              "x": 11.999999999999998,
              "y": 22.3,
              "z": 24.00000000000002,
              "rotationX": 60,
              "color": "#808080",
              "name": "club-spike-top"
            },
            {
              "type": "box",
              "width": 12,
              "height": 4,
              "depth": 4,
              "x": 0,
              "y": 21.757142857142853,
              "z": -3.5142857142857027,
              "color": "#333333",
              "name": "back-armor"
            },
            {
              "type": "box",
              "width": 7,
              "height": 7,
              "depth": 2,
              "x": 12,
              "y": 38,
              "z": 0,
              "color": "#796020",
              "name": "shoulder-pad-right",
              "rotationX": 75
            },
            {
              "type": "box",
              "width": 7,
              "height": 7,
              "depth": 2,
              "x": -12,
              "y": 38,
              "z": 4,
              "color": "#796020",
              "name": "shoulder-pad-left",
              "rotationX": 105
            }
          ]
        }
      ]
    }
  },
  "armor": 100,
  "title": "Orc"
}