{
  "speed": 2,
  "value": 10,
  "hp": 5,
  "essence": 5,
  "render": {
    "animations": {
      "idle": [
        {
          "shapes": [
            {
              "type": "cylinder",
              "size": 7.199999999999999,
              "height": 14.399999999999999,
              "x": 0,
              "y": 47.48726562500001,
              "z": -2.3686718749999995,
              "color": "#7d6d5e",
              "rotationX": 90,
              "rotationZ": 0,
              "name": "body"
            },
            {
              "type": "cylinder",
              "size": 2.88,
              "height": 12,
              "x": 0,
              "y": 49.294765625,
              "z": 9.631328125000001,
              "color": "#7D6B5D",
              "rotationX": 45,
              "rotationZ": 0,
              "name": "neck"
            },
            {
              "type": "cone",
              "size": 2.4,
              "height": 10.56,
              "x": 0,
              "y": 52.76726562500002,
              "z": 15.871328125,
              "color": "#7D6B5D",
              "rotationX": 120,
              "rotationZ": 0,
              "name": "beak"
            },
            {
              "type": "cone",
              "size": 0.96,
              "height": 9.6,
              "x": 0,
              "y": 59.48726562500001,
              "z": 13.471328125,
              "color": "#6D5D4D",
              "rotationX": 0,
              "rotationZ": 0,
              "name": "head-spike"
            },
            {
              "type": "box",
              "width": 24,
              "height": 0.48,
              "depth": 9.6,
              "x": -12,
              "y": 47.48726562500001,
              "z": -2.3686718749999995,
              "color": "#8D7B6D",
              "rotationY": 0,
              "rotationZ": 15,
              "name": "wing-right"
            },
            {
              "type": "box",
              "width": 24,
              "height": 0.48,
              "depth": 9.6,
              "x": 12,
              "y": 47.48726562500001,
              "z": -2.3686718749999995,
              "color": "#8D7B6D",
              "rotationY": 0,
              "rotationZ": -15,
              "name": "wing-left"
            },
            {
              "type": "box",
              "width": 4,
              "height": 0.24,
              "depth": 2,
              "x": -12,
              "y": 47,
              "z": 3,
              "color": "#8D7B6D",
              "rotationY": 90,
              "rotationZ": 15,
              "name": "hand-right"
            },
            {
              "type": "box",
              "width": 10,
              "height": 0.24,
              "depth": 6,
              "x": 25,
              "y": 43.2,
              "z": -4.1,
              "color": "#8D7B6D",
              "rotationY": 40,
              "rotationZ": -30,
              "rotationX": 16,
              "name": "wingtip-left"
            },
            {
              "type": "cone",
              "size": 1.92,
              "height": 12,
              "x": 0,
              "y": 47.48726562500001,
              "z": -16.851171875000002,
              "color": "#7D6B5D",
              "rotationX": -90,
              "rotationZ": 0,
              "name": "tail"
            },
            {
              "type": "box",
              "width": 5.76,
              "height": 0.48,
              "depth": 4.8,
              "x": 0,
              "y": 47.48726562500001,
              "z": -19.648671875,
              "color": "#8D7B6D",
              "rotationX": 0,
              "rotationZ": 0,
              "name": "tail-tip"
            },
            {
              "type": "cylinder",
              "size": 0.72,
              "height": 5.76,
              "x": -2.4,
              "y": 42.68726562500001,
              "z": -4.768671874999999,
              "color": "#6D5D4D",
              "rotationX": 20,
              "rotationZ": 0,
              "name": "leg-right"
            },
            {
              "type": "cylinder",
              "size": 0.72,
              "height": 5.76,
              "x": 2.4,
              "y": 42.68726562500001,
              "z": -4.768671874999999,
              "color": "#6D5D4D",
              "rotationX": 20,
              "rotationZ": 0,
              "name": "leg-left"
            },
            {
              "type": "cone",
              "size": 1.44,
              "height": 2.4,
              "x": -2.4,
              "y": 40.04726562500001,
              "z": -4.851171875,
              "color": "#6D5D4D",
              "rotationX": -60,
              "rotationZ": 0,
              "name": "foot-right"
            },
            {
              "type": "cone",
              "size": 1.44,
              "height": 2.4,
              "x": 2.4,
              "y": 40.04726562500001,
              "z": -4.851171875,
              "color": "#6D5D4D",
              "rotationX": -60,
              "rotationZ": 0,
              "name": "foot-left"
            },
            {
              "type": "sphere",
              "size": 0.72,
              "x": -0.96,
              "y": 54.68726562500001,
              "z": 15.391328125000001,
              "color": "#000000",
              "name": "eye-right"
            },
            {
              "type": "sphere",
              "size": 0.72,
              "x": 0.96,
              "y": 54.68726562500001,
              "z": 15.391328125000001,
              "color": "#000000",
              "name": "eye-left"
            },
            {
              "type": "box",
              "width": 4,
              "height": 0.24,
              "depth": 2,
              "x": 12,
              "y": 47,
              "z": 3,
              "color": "#8D7B6D",
              "rotationY": 90,
              "rotationZ": 15,
              "name": "hand-left"
            },
            {
              "type": "box",
              "width": 10,
              "height": 0.24,
              "depth": 6,
              "x": -25,
              "y": 43.2,
              "z": -4.1,
              "color": "#8D7B6D",
              "rotationY": -40,
              "rotationZ": 30,
              "rotationX": 16,
              "name": "wingtip-right"
            }
          ]
        }
      ],
      "walk": [
        {
          "shapes": [
            {
              "type": "cylinder",
              "size": 7.2,
              "height": 14.4,
              "x": 0,
              "y": 47.5,
              "z": -2.4,
              "color": "#7d6d5e",
              "rotationX": 90,
              "rotationZ": 0,
              "name": "body"
            },
            {
              "type": "cylinder",
              "size": 2.88,
              "height": 12,
              "x": 0,
              "y": 49.3,
              "z": 9.6,
              "color": "#7D6B5D",
              "rotationX": 45,
              "rotationZ": 0,
              "name": "neck"
            },
            {
              "type": "cone",
              "size": 2.4,
              "height": 10.56,
              "x": 0,
              "y": 52.8,
              "z": 15.9,
              "color": "#7D6B5D",
              "rotationX": 120,
              "rotationZ": 0,
              "name": "beak"
            },
            {
              "type": "cone",
              "size": 0.96,
              "height": 9.6,
              "x": 0,
              "y": 59.5,
              "z": 13.5,
              "color": "#6D5D4D",
              "rotationX": 0,
              "rotationZ": 0,
              "name": "head-spike"
            },
            {
              "type": "box",
              "width": 24,
              "height": 0.48,
              "depth": 9.6,
              "x": -12,
              "y": 50,
              "z": -2.4,
              "color": "#8D7B6D",
              "rotationY": 0,
              "rotationZ": -10,
              "name": "wing-right"
            },
            {
              "type": "box",
              "width": 24,
              "height": 0.48,
              "depth": 9.6,
              "x": 12,
              "y": 50,
              "z": -2.4,
              "color": "#8D7B6D",
              "rotationY": 0,
              "rotationZ": 10,
              "name": "wing-left"
            },
            {
              "type": "box",
              "width": 4,
              "height": 0.24,
              "depth": 2,
              "x": -12,
              "y": 50,
              "z": 3,
              "color": "#8D7B6D",
              "rotationY": 90,
              "rotationZ": -10,
              "name": "hand-right"
            },
            {
              "type": "box",
              "width": 10,
              "height": 0.24,
              "depth": 6,
              "x": 25,
              "y": 53,
              "z": -4.1,
              "color": "#8D7B6D",
              "rotationY": 40,
              "rotationZ": 10,
              "rotationX": 16,
              "name": "wingtip-left"
            },
            {
              "type": "cone",
              "size": 1.92,
              "height": 12,
              "x": 0,
              "y": 47.5,
              "z": -16.9,
              "color": "#7D6B5D",
              "rotationX": -90,
              "rotationZ": 0,
              "name": "tail"
            },
            {
              "type": "box",
              "width": 5.76,
              "height": 0.48,
              "depth": 4.8,
              "x": 0,
              "y": 47.5,
              "z": -19.6,
              "color": "#8D7B6D",
              "rotationX": 0,
              "rotationZ": 0,
              "name": "tail-tip"
            },
            {
              "type": "cylinder",
              "size": 0.72,
              "height": 5.76,
              "x": -2.4,
              "y": 42.7,
              "z": -4.8,
              "color": "#6D5D4D",
              "rotationX": 0,
              "rotationZ": 0,
              "name": "leg-right"
            },
            {
              "type": "cylinder",
              "size": 0.72,
              "height": 5.76,
              "x": 2.4,
              "y": 42.7,
              "z": -4.8,
              "color": "#6D5D4D",
              "rotationX": 0,
              "rotationZ": 0,
              "name": "leg-left"
            },
            {
              "type": "cone",
              "size": 1.44,
              "height": 2.4,
              "x": -2.4,
              "y": 39.5,
              "z": -4.8,
              "color": "#6D5D4D",
              "rotationX": -90,
              "rotationZ": 0,
              "name": "foot-right"
            },
            {
              "type": "cone",
              "size": 1.44,
              "height": 2.4,
              "x": 2.4,
              "y": 39.5,
              "z": -4.8,
              "color": "#6D5D4D",
              "rotationX": -90,
              "rotationZ": 0,
              "name": "foot-left"
            },
            {
              "type": "sphere",
              "size": 0.72,
              "x": -0.96,
              "y": 54.7,
              "z": 15.4,
              "color": "#000000",
              "name": "eye-right"
            },
            {
              "type": "sphere",
              "size": 0.72,
              "x": 0.96,
              "y": 54.7,
              "z": 15.4,
              "color": "#000000",
              "name": "eye-left"
            },
            {
              "type": "box",
              "width": 4,
              "height": 0.24,
              "depth": 2,
              "x": 12,
              "y": 50,
              "z": 3,
              "color": "#8D7B6D",
              "rotationY": 90,
              "rotationZ": 10,
              "name": "hand-left"
            },
            {
              "type": "box",
              "width": 10,
              "height": 0.24,
              "depth": 6,
              "x": -25,
              "y": 53,
              "z": -4.1,
              "color": "#8D7B6D",
              "rotationY": -40,
              "rotationZ": -10,
              "rotationX": 16,
              "name": "wingtip-right"
            }
          ]
        },
        {
          "shapes": [
            {
              "type": "cylinder",
              "size": 7.2,
              "height": 14.4,
              "x": 0,
              "y": 48.5,
              "z": -2.4,
              "color": "#7d6d5e",
              "rotationX": 90,
              "rotationZ": 0,
              "name": "body"
            },
            {
              "type": "cylinder",
              "size": 2.88,
              "height": 12,
              "x": 0,
              "y": 50.3,
              "z": 9.6,
              "color": "#7D6B5D",
              "rotationX": 45,
              "rotationZ": 0,
              "name": "neck"
            },
            {
              "type": "cone",
              "size": 2.4,
              "height": 10.56,
              "x": 0,
              "y": 53.8,
              "z": 15.9,
              "color": "#7D6B5D",
              "rotationX": 120,
              "rotationZ": 0,
              "name": "beak"
            },
            {
              "type": "cone",
              "size": 0.96,
              "height": 9.6,
              "x": 0,
              "y": 60.5,
              "z": 13.5,
              "color": "#6D5D4D",
              "rotationX": 0,
              "rotationZ": 0,
              "name": "head-spike"
            },
            {
              "type": "box",
              "width": 24,
              "height": 0.48,
              "depth": 9.6,
              "x": -12,
              "y": 45,
              "z": -2.4,
              "color": "#8D7B6D",
              "rotationY": 0,
              "rotationZ": 30,
              "name": "wing-right"
            },
            {
              "type": "box",
              "width": 24,
              "height": 0.48,
              "depth": 9.6,
              "x": 12,
              "y": 45,
              "z": -2.4,
              "color": "#8D7B6D",
              "rotationY": 0,
              "rotationZ": -30,
              "name": "wing-left"
            },
            {
              "type": "box",
              "width": 4,
              "height": 0.24,
              "depth": 2,
              "x": -12,
              "y": 45,
              "z": 3,
              "color": "#8D7B6D",
              "rotationY": 90,
              "rotationZ": 30,
              "name": "hand-right"
            },
            {
              "type": "box",
              "width": 10,
              "height": 0.24,
              "depth": 6,
              "x": 25,
              "y": 38,
              "z": -4.1,
              "color": "#8D7B6D",
              "rotationY": 40,
              "rotationZ": -30,
              "rotationX": 16,
              "name": "wingtip-left"
            },
            {
              "type": "cone",
              "size": 1.92,
              "height": 12,
              "x": 0,
              "y": 48.5,
              "z": -16.9,
              "color": "#7D6B5D",
              "rotationX": -90,
              "rotationZ": 0,
              "name": "tail"
            },
            {
              "type": "box",
              "width": 5.76,
              "height": 0.48,
              "depth": 4.8,
              "x": 0,
              "y": 48.5,
              "z": -19.6,
              "color": "#8D7B6D",
              "rotationX": 0,
              "rotationZ": 0,
              "name": "tail-tip"
            },
            {
              "type": "cylinder",
              "size": 0.72,
              "height": 5.76,
              "x": -2.4,
              "y": 43.7,
              "z": -4.8,
              "color": "#6D5D4D",
              "rotationX": 20,
              "rotationZ": 0,
              "name": "leg-right"
            },
            {
              "type": "cylinder",
              "size": 0.72,
              "height": 5.76,
              "x": 2.4,
              "y": 43.7,
              "z": -4.8,
              "color": "#6D5D4D",
              "rotationX": 20,
              "rotationZ": 0,
              "name": "leg-left"
            },
            {
              "type": "cone",
              "size": 1.44,
              "height": 2.4,
              "x": -2.4,
              "y": 41,
              "z": -4.8,
              "color": "#6D5D4D",
              "rotationX": -60,
              "rotationZ": 0,
              "name": "foot-right"
            },
            {
              "type": "cone",
              "size": 1.44,
              "height": 2.4,
              "x": 2.4,
              "y": 41,
              "z": -4.8,
              "color": "#6D5D4D",
              "rotationX": -60,
              "rotationZ": 0,
              "name": "foot-left"
            },
            {
              "type": "sphere",
              "size": 0.72,
              "x": -0.96,
              "y": 55.7,
              "z": 15.4,
              "color": "#000000",
              "name": "eye-right"
            },
            {
              "type": "sphere",
              "size": 0.72,
              "x": 0.96,
              "y": 55.7,
              "z": 15.4,
              "color": "#000000",
              "name": "eye-left"
            },
            {
              "type": "box",
              "width": 4,
              "height": 0.24,
              "depth": 2,
              "x": 12,
              "y": 45,
              "z": 3,
              "color": "#8D7B6D",
              "rotationY": 90,
              "rotationZ": -30,
              "name": "hand-left"
            },
            {
              "type": "box",
              "width": 10,
              "height": 0.24,
              "depth": 6,
              "x": -25,
              "y": 38,
              "z": -4.1,
              "color": "#8D7B6D",
              "rotationY": -40,
              "rotationZ": 30,
              "rotationX": 16,
              "name": "wingtip-right"
            }
          ]
        },
        {
          "shapes": [
            {
              "type": "cylinder",
              "size": 7.2,
              "height": 14.4,
              "x": 0,
              "y": 47.5,
              "z": -2.4,
              "color": "#7d6d5e",
              "rotationX": 90,
              "rotationZ": 0,
              "name": "body"
            },
            {
              "type": "cylinder",
              "size": 2.88,
              "height": 12,
              "x": 0,
              "y": 49.3,
              "z": 9.6,
              "color": "#7D6B5D",
              "rotationX": 45,
              "rotationZ": 0,
              "name": "neck"
            },
            {
              "type": "cone",
              "size": 2.4,
              "height": 10.56,
              "x": 0,
              "y": 52.8,
              "z": 15.9,
              "color": "#7D6B5D",
              "rotationX": 120,
              "rotationZ": 0,
              "name": "beak"
            },
            {
              "type": "cone",
              "size": 0.96,
              "height": 9.6,
              "x": 0,
              "y": 59.5,
              "z": 13.5,
              "color": "#6D5D4D",
              "rotationX": 0,
              "rotationZ": 0,
              "name": "head-spike"
            },
            {
              "type": "box",
              "width": 24,
              "height": 0.48,
              "depth": 9.6,
              "x": -12,
              "y": 50,
              "z": -2.4,
              "color": "#8D7B6D",
              "rotationY": 0,
              "rotationZ": -10,
              "name": "wing-right"
            },
            {
              "type": "box",
              "width": 24,
              "height": 0.48,
              "depth": 9.6,
              "x": 12,
              "y": 50,
              "z": -2.4,
              "color": "#8D7B6D",
              "rotationY": 0,
              "rotationZ": 10,
              "name": "wing-left"
            },
            {
              "type": "box",
              "width": 4,
              "height": 0.24,
              "depth": 2,
              "x": -12,
              "y": 50,
              "z": 3,
              "color": "#8D7B6D",
              "rotationY": 90,
              "rotationZ": -10,
              "name": "hand-right"
            },
            {
              "type": "box",
              "width": 10,
              "height": 0.24,
              "depth": 6,
              "x": 25,
              "y": 53,
              "z": -4.1,
              "color": "#8D7B6D",
              "rotationY": 40,
              "rotationZ": 10,
              "rotationX": 16,
              "name": "wingtip-left"
            },
            {
              "type": "cone",
              "size": 1.92,
              "height": 12,
              "x": 0,
              "y": 47.5,
              "z": -16.9,
              "color": "#7D6B5D",
              "rotationX": -90,
              "rotationZ": 0,
              "name": "tail"
            },
            {
              "type": "box",
              "width": 5.76,
              "height": 0.48,
              "depth": 4.8,
              "x": 0,
              "y": 47.5,
              "z": -19.6,
              "color": "#8D7B6D",
              "rotationX": 0,
              "rotationZ": 0,
              "name": "tail-tip"
            },
            {
              "type": "cylinder",
              "size": 0.72,
              "height": 5.76,
              "x": -2.4,
              "y": 42.7,
              "z": -4.8,
              "color": "#6D5D4D",
              "rotationX": 0,
              "rotationZ": 0,
              "name": "leg-right"
            },
            {
              "type": "cylinder",
              "size": 0.72,
              "height": 5.76,
              "x": 2.4,
              "y": 42.7,
              "z": -4.8,
              "color": "#6D5D4D",
              "rotationX": 0,
              "rotationZ": 0,
              "name": "leg-left"
            },
            {
              "type": "cone",
              "size": 1.44,
              "height": 2.4,
              "x": -2.4,
              "y": 39.5,
              "z": -4.8,
              "color": "#6D5D4D",
              "rotationX": -90,
              "rotationZ": 0,
              "name": "foot-right"
            },
            {
              "type": "cone",
              "size": 1.44,
              "height": 2.4,
              "x": 2.4,
              "y": 39.5,
              "z": -4.8,
              "color": "#6D5D4D",
              "rotationX": -90,
              "rotationZ": 0,
              "name": "foot-left"
            },
            {
              "type": "sphere",
              "size": 0.72,
              "x": -0.96,
              "y": 54.7,
              "z": 15.4,
              "color": "#000000",
              "name": "eye-right"
            },
            {
              "type": "sphere",
              "size": 0.72,
              "x": 0.96,
              "y": 54.7,
              "z": 15.4,
              "color": "#000000",
              "name": "eye-left"
            },
            {
              "type": "box",
              "width": 4,
              "height": 0.24,
              "depth": 2,
              "x": 12,
              "y": 50,
              "z": 3,
              "color": "#8D7B6D",
              "rotationY": 90,
              "rotationZ": 10,
              "name": "hand-left"
            },
            {
              "type": "box",
              "width": 10,
              "height": 0.24,
              "depth": 6,
              "x": -25,
              "y": 53,
              "z": -4.1,
              "color": "#8D7B6D",
              "rotationY": -40,
              "rotationZ": -10,
              "rotationX": 16,
              "name": "wingtip-right"
            }
          ]
        },
        {
          "shapes": [
            {
              "type": "cylinder",
              "size": 7.2,
              "height": 14.4,
              "x": 0,
              "y": 46.5,
              "z": -2.4,
              "color": "#7d6d5e",
              "rotationX": 90,
              "rotationZ": 0,
              "name": "body"
            },
            {
              "type": "cylinder",
              "size": 2.88,
              "height": 12,
              "x": 0,
              "y": 48.3,
              "z": 9.6,
              "color": "#7D6B5D",
              "rotationX": 45,
              "rotationZ": 0,
              "name": "neck"
            },
            {
              "type": "cone",
              "size": 2.4,
              "height": 10.56,
              "x": 0,
              "y": 51.8,
              "z": 15.9,
              "color": "#7D6B5D",
              "rotationX": 120,
              "rotationZ": 0,
              "name": "beak"
            },
            {
              "type": "cone",
              "size": 0.96,
              "height": 9.6,
              "x": 0,
              "y": 58.5,
              "z": 13.5,
              "color": "#6D5D4D",
              "rotationX": 0,
              "rotationZ": 0,
              "name": "head-spike"
            },
            {
              "type": "box",
              "width": 24,
              "height": 0.48,
              "depth": 9.6,
              "x": -12,
              "y": 43,
              "z": -2.4,
              "color": "#8D7B6D",
              "rotationY": 0,
              "rotationZ": 30,
              "name": "wing-right"
            },
            {
              "type": "box",
              "width": 24,
              "height": 0.48,
              "depth": 9.6,
              "x": 12,
              "y": 43,
              "z": -2.4,
              "color": "#8D7B6D",
              "rotationY": 0,
              "rotationZ": -30,
              "name": "wing-left"
            },
            {
              "type": "box",
              "width": 4,
              "height": 0.24,
              "depth": 2,
              "x": -12,
              "y": 43,
              "z": 3,
              "color": "#8D7B6D",
              "rotationY": 90,
              "rotationZ": 50,
              "name": "hand-right"
            },
            {
              "type": "box",
              "width": 10,
              "height": 0.24,
              "depth": 6,
              "x": 25,
              "y": 35,
              "z": -4.1,
              "color": "#8D7B6D",
              "rotationY": 40,
              "rotationZ": -50,
              "rotationX": 16,
              "name": "wingtip-left"
            },
            {
              "type": "cone",
              "size": 1.92,
              "height": 12,
              "x": 0,
              "y": 46.5,
              "z": -16.9,
              "color": "#7D6B5D",
              "rotationX": -90,
              "rotationZ": 0,
              "name": "tail"
            },
            {
              "type": "box",
              "width": 5.76,
              "height": 0.48,
              "depth": 4.8,
              "x": 0,
              "y": 46.5,
              "z": -19.6,
              "color": "#8D7B6D",
              "rotationX": 0,
              "rotationZ": 0,
              "name": "tail-tip"
            },
            {
              "type": "cylinder",
              "size": 0.72,
              "height": 5.76,
              "x": -2.4,
              "y": 41.7,
              "z": -4.8,
              "color": "#6D5D4D",
              "rotationX": 40,
              "rotationZ": 0,
              "name": "leg-right"
            },
            {
              "type": "cylinder",
              "size": 0.72,
              "height": 5.76,
              "x": 2.4,
              "y": 41.7,
              "z": -4.8,
              "color": "#6D5D4D",
              "rotationX": 40,
              "rotationZ": 0,
              "name": "leg-left"
            },
            {
              "type": "cone",
              "size": 1.44,
              "height": 2.4,
              "x": -2.4,
              "y": 38,
              "z": -5.7,
              "color": "#6D5D4D",
              "rotationX": -30,
              "rotationZ": 0,
              "name": "foot-right"
            },
            {
              "type": "cone",
              "size": 1.44,
              "height": 2.4,
              "x": 2.4,
              "y": 38,
              "z": -5.7,
              "color": "#6D5D4D",
              "rotationX": -30,
              "rotationZ": 0,
              "name": "foot-left"
            },
            {
              "type": "sphere",
              "size": 0.72,
              "x": -0.96,
              "y": 53.7,
              "z": 15.4,
              "color": "#000000",
              "name": "eye-right"
            },
            {
              "type": "sphere",
              "size": 0.72,
              "x": 0.96,
              "y": 53.7,
              "z": 15.4,
              "color": "#000000",
              "name": "eye-left"
            },
            {
              "type": "box",
              "width": 4,
              "height": 0.24,
              "depth": 2,
              "x": 12,
              "y": 43,
              "z": 3,
              "color": "#8D7B6D",
              "rotationY": 90,
              "rotationZ": 50,
              "name": "hand-left"
            },
            {
              "type": "box",
              "width": 10,
              "height": 0.24,
              "depth": 6,
              "x": -25,
              "y": 35,
              "z": -4.1,
              "color": "#8D7B6D",
              "rotationY": -40,
              "rotationZ": 50,
              "rotationX": 16,
              "name": "wingtip-right"
            }
          ]
        }
      ]
    }
  },
  "title": "Pterodactyl"
}