{
  "hp": 50,
  "speed": 0.5,
  "value": 10,
  "essence": 15,
  "render": {
    "animations": {
      "walk": [
        {
          "shapes": [
            {
              "type": "sphere",
              "size": 12,
              "color": "#800000",
              "x": 0,
              "y": 24,
              "z": 0,
              "rotationX": 0,
              "rotationY": 0,
              "rotationZ": 0,
              "name": "core"
            },
            {
              "type": "cylinder",
              "size": 2.4,
              "height": 4.8,
              "color": "#663300",
              "x": 0,
              "y": 24,
              "z": -12,
              "rotationX": 90,
              "rotationY": 0,
              "rotationZ": 0,
              "name": "spike-1"
            },
            {
              "type": "cylinder",
              "size": 2.4,
              "height": 4.8,
              "color": "#663300",
              "x": 10.392,
              "y": 24,
              "z": -6,
              "rotationX": 90,
              "rotationY": null,
              "rotationZ": 60,
              "name": "spike-2"
            },
            {
              "type": "cylinder",
              "size": 2.4,
              "height": 4.8,
              "color": "#663300",
              "x": 10.392,
              "y": 24,
              "z": 6,
              "rotationX": 90,
              "rotationY": null,
              "rotationZ": 120,
              "name": "spike-3"
            },
            {
              "type": "cylinder",
              "size": 2.4,
              "height": 4.8,
              "color": "#663300",
              "x": -10.392,
              "y": 24,
              "z": -6,
              "rotationX": -90,
              "rotationY": null,
              "rotationZ": 60,
              "name": "spike-4"
            },
            {
              "type": "cylinder",
              "size": 2.4,
              "height": 4.8,
              "color": "#663300",
              "x": -10.392,
              "y": 24,
              "z": 6,
              "rotationX": 90,
              "rotationY": null,
              "rotationZ": 240,
              "name": "spike-5"
            },
            {
              "type": "cylinder",
              "size": 2.4,
              "height": 4.8,
              "color": "#663300",
              "x": 0,
              "y": 24,
              "z": 12,
              "rotationX": 90,
              "rotationY": 300,
              "rotationZ": 0,
              "name": "spike-6"
            }
          ]
        },
        {
          "shapes": [
            {
              "type": "sphere",
              "size": 12,
              "color": "#800000",
              "x": 0,
              "y": 24,
              "z": 0,
              "rotationX": 0,
              "rotationY": 0,
              "rotationZ": 0,
              "name": "core"
            },
            {
              "type": "cylinder",
              "size": 2.4,
              "height": 4.8,
              "color": "#663300",
              "x": 0,
              "y": 24,
              "z": -12,
              "rotationX": 90,
              "rotationY": 0,
              "rotationZ": 0,
              "name": "spike-1"
            },
            {
              "type": "cylinder",
              "size": 2.4,
              "height": 4.8,
              "color": "#663300",
              "x": 10.392,
              "y": 24,
              "z": -6,
              "rotationX": 90,
              "rotationY": null,
              "rotationZ": 60,
              "name": "spike-2"
            },
            {
              "type": "cylinder",
              "size": 2.4,
              "height": 4.8,
              "color": "#663300",
              "x": 10.392,
              "y": 24,
              "z": 6,
              "rotationX": 90,
              "rotationY": null,
              "rotationZ": 120,
              "name": "spike-3"
            },
            {
              "type": "cylinder",
              "size": 2.4,
              "height": 4.8,
              "color": "#663300",
              "x": -10.392,
              "y": 24,
              "z": -6,
              "rotationX": -90,
              "rotationY": null,
              "rotationZ": 60,
              "name": "spike-4"
            },
            {
              "type": "cylinder",
              "size": 2.4,
              "height": 4.8,
              "color": "#663300",
              "x": -10.392,
              "y": 24,
              "z": 6,
              "rotationX": 90,
              "rotationY": null,
              "rotationZ": 240,
              "name": "spike-5"
            },
            {
              "type": "cylinder",
              "size": 2.4,
              "height": 4.8,
              "color": "#663300",
              "x": 0,
              "y": 24,
              "z": 12,
              "rotationX": 90,
              "rotationY": 300,
              "rotationZ": 0,
              "name": "spike-6"
            }
          ]
        },
        {
          "shapes": [
            {
              "type": "sphere",
              "size": 12,
              "color": "#800000",
              "x": 0,
              "y": 26,
              "z": 0,
              "rotationX": 0,
              "rotationY": 0,
              "rotationZ": 0,
              "name": "core"
            },
            {
              "type": "cylinder",
              "size": 2.4,
              "height": 4.8,
              "color": "#663300",
              "x": 0,
              "y": 26,
              "z": -12,
              "rotationX": 90,
              "rotationY": 0,
              "rotationZ": 0,
              "name": "spike-1"
            },
            {
              "type": "cylinder",
              "size": 2.4,
              "height": 4.8,
              "color": "#663300",
              "x": 10.392,
              "y": 26,
              "z": -6,
              "rotationX": 90,
              "rotationY": null,
              "rotationZ": 60,
              "name": "spike-2"
            },
            {
              "type": "cylinder",
              "size": 2.4,
              "height": 4.8,
              "color": "#663300",
              "x": 10.392,
              "y": 26,
              "z": 6,
              "rotationX": 90,
              "rotationY": null,
              "rotationZ": 120,
              "name": "spike-3"
            },
            {
              "type": "cylinder",
              "size": 2.4,
              "height": 4.8,
              "color": "#663300",
              "x": -10.392,
              "y": 26,
              "z": -6,
              "rotationX": -90,
              "rotationY": null,
              "rotationZ": 60,
              "name": "spike-4"
            },
            {
              "type": "cylinder",
              "size": 2.4,
              "height": 4.8,
              "color": "#663300",
              "x": -10.392,
              "y": 26,
              "z": 6,
              "rotationX": 90,
              "rotationY": null,
              "rotationZ": 240,
              "name": "spike-5"
            },
            {
              "type": "cylinder",
              "size": 2.4,
              "height": 4.8,
              "color": "#663300",
              "x": 0,
              "y": 26,
              "z": 12,
              "rotationX": 90,
              "rotationY": 300,
              "rotationZ": 0,
              "name": "spike-6"
            }
          ]
        },
        {
          "shapes": [
            {
              "type": "sphere",
              "size": 12,
              "color": "#800000",
              "x": 0,
              "y": 26,
              "z": 0,
              "rotationX": 0,
              "rotationY": 0,
              "rotationZ": 0,
              "name": "core"
            },
            {
              "type": "cylinder",
              "size": 2.4,
              "height": 4.8,
              "color": "#663300",
              "x": 0,
              "y": 26,
              "z": -12,
              "rotationX": 90,
              "rotationY": 0,
              "rotationZ": 0,
              "name": "spike-1"
            },
            {
              "type": "cylinder",
              "size": 2.4,
              "height": 4.8,
              "color": "#663300",
              "x": 10.392,
              "y": 26,
              "z": -6,
              "rotationX": 90,
              "rotationY": null,
              "rotationZ": 60,
              "name": "spike-2"
            },
            {
              "type": "cylinder",
              "size": 2.4,
              "height": 4.8,
              "color": "#663300",
              "x": 10.392,
              "y": 26,
              "z": 6,
              "rotationX": 90,
              "rotationY": null,
              "rotationZ": 120,
              "name": "spike-3"
            },
            {
              "type": "cylinder",
              "size": 2.4,
              "height": 4.8,
              "color": "#663300",
              "x": -10.392,
              "y": 26,
              "z": -6,
              "rotationX": -90,
              "rotationY": null,
              "rotationZ": 60,
              "name": "spike-4"
            },
            {
              "type": "cylinder",
              "size": 2.4,
              "height": 4.8,
              "color": "#663300",
              "x": -10.392,
              "y": 26,
              "z": 6,
              "rotationX": 90,
              "rotationY": null,
              "rotationZ": 240,
              "name": "spike-5"
            },
            {
              "type": "cylinder",
              "size": 2.4,
              "height": 4.8,
              "color": "#663300",
              "x": 0,
              "y": 26,
              "z": 12,
              "rotationX": 90,
              "rotationY": 300,
              "rotationZ": 0,
              "name": "spike-6"
            }
          ]
        }
      ],
      "idle": [
        {
          "shapes": [
            {
              "type": "sphere",
              "size": 12,
              "color": "#800000",
              "x": 0,
              "y": 24,
              "z": 0,
              "rotationX": 0,
              "rotationY": 0,
              "rotationZ": 0,
              "name": "core"
            },
            {
              "type": "cylinder",
              "size": 2.4,
              "height": 4.8,
              "color": "#663300",
              "x": 0,
              "y": 24,
              "z": -12,
              "rotationX": 90,
              "rotationY": 0,
              "rotationZ": 0,
              "name": "spike-1"
            },
            {
              "type": "cylinder",
              "size": 2.4,
              "height": 4.8,
              "color": "#663300",
              "x": 10.392,
              "y": 24,
              "z": -6,
              "rotationX": 90,
              "rotationY": null,
              "rotationZ": 60,
              "name": "spike-2"
            },
            {
              "type": "cylinder",
              "size": 2.4,
              "height": 4.8,
              "color": "#663300",
              "x": 10.392,
              "y": 24,
              "z": 6,
              "rotationX": 90,
              "rotationY": null,
              "rotationZ": 120,
              "name": "spike-3"
            },
            {
              "type": "cylinder",
              "size": 2.4,
              "height": 4.8,
              "color": "#663300",
              "x": -10.392,
              "y": 24,
              "z": -6,
              "rotationX": -90,
              "rotationY": null,
              "rotationZ": 60,
              "name": "spike-4"
            },
            {
              "type": "cylinder",
              "size": 2.4,
              "height": 4.8,
              "color": "#663300",
              "x": -10.392,
              "y": 24,
              "z": 6,
              "rotationX": 90,
              "rotationY": null,
              "rotationZ": 240,
              "name": "spike-5"
            },
            {
              "type": "cylinder",
              "size": 2.4,
              "height": 4.8,
              "color": "#663300",
              "x": 0,
              "y": 24,
              "z": 12,
              "rotationX": 90,
              "rotationY": 300,
              "rotationZ": 0,
              "name": "spike-6"
            }
          ]
        },
        {
          "shapes": [
            {
              "type": "sphere",
              "size": 12,
              "color": "#800000",
              "x": 0,
              "y": 24,
              "z": 0,
              "rotationX": 0,
              "rotationY": 0,
              "rotationZ": 0,
              "name": "core"
            },
            {
              "type": "cylinder",
              "size": 2.4,
              "height": 4.8,
              "color": "#663300",
              "x": 0,
              "y": 24,
              "z": -12,
              "rotationX": 90,
              "rotationY": 0,
              "rotationZ": 0,
              "name": "spike-1"
            },
            {
              "type": "cylinder",
              "size": 2.4,
              "height": 4.8,
              "color": "#663300",
              "x": 10.392,
              "y": 24,
              "z": -6,
              "rotationX": 90,
              "rotationY": null,
              "rotationZ": 60,
              "name": "spike-2"
            },
            {
              "type": "cylinder",
              "size": 2.4,
              "height": 4.8,
              "color": "#663300",
              "x": 10.392,
              "y": 24,
              "z": 6,
              "rotationX": 90,
              "rotationY": null,
              "rotationZ": 120,
              "name": "spike-3"
            },
            {
              "type": "cylinder",
              "size": 2.4,
              "height": 4.8,
              "color": "#663300",
              "x": -10.392,
              "y": 24,
              "z": -6,
              "rotationX": -90,
              "rotationY": null,
              "rotationZ": 60,
              "name": "spike-4"
            },
            {
              "type": "cylinder",
              "size": 2.4,
              "height": 4.8,
              "color": "#663300",
              "x": -10.392,
              "y": 24,
              "z": 6,
              "rotationX": 90,
              "rotationY": null,
              "rotationZ": 240,
              "name": "spike-5"
            },
            {
              "type": "cylinder",
              "size": 2.4,
              "height": 4.8,
              "color": "#663300",
              "x": 0,
              "y": 24,
              "z": 12,
              "rotationX": 90,
              "rotationY": 300,
              "rotationZ": 0,
              "name": "spike-6"
            }
          ]
        },
        {
          "shapes": [
            {
              "type": "sphere",
              "size": 12,
              "color": "#800000",
              "x": 0,
              "y": 26,
              "z": 0,
              "rotationX": 0,
              "rotationY": 0,
              "rotationZ": 0,
              "name": "core"
            },
            {
              "type": "cylinder",
              "size": 2.4,
              "height": 4.8,
              "color": "#663300",
              "x": 0,
              "y": 26,
              "z": -12,
              "rotationX": 90,
              "rotationY": 0,
              "rotationZ": 0,
              "name": "spike-1"
            },
            {
              "type": "cylinder",
              "size": 2.4,
              "height": 4.8,
              "color": "#663300",
              "x": 10.392,
              "y": 26,
              "z": -6,
              "rotationX": 90,
              "rotationY": null,
              "rotationZ": 60,
              "name": "spike-2"
            },
            {
              "type": "cylinder",
              "size": 2.4,
              "height": 4.8,
              "color": "#663300",
              "x": 10.392,
              "y": 26,
              "z": 6,
              "rotationX": 90,
              "rotationY": null,
              "rotationZ": 120,
              "name": "spike-3"
            },
            {
              "type": "cylinder",
              "size": 2.4,
              "height": 4.8,
              "color": "#663300",
              "x": -10.392,
              "y": 26,
              "z": -6,
              "rotationX": -90,
              "rotationY": null,
              "rotationZ": 60,
              "name": "spike-4"
            },
            {
              "type": "cylinder",
              "size": 2.4,
              "height": 4.8,
              "color": "#663300",
              "x": -10.392,
              "y": 26,
              "z": 6,
              "rotationX": 90,
              "rotationY": null,
              "rotationZ": 240,
              "name": "spike-5"
            },
            {
              "type": "cylinder",
              "size": 2.4,
              "height": 4.8,
              "color": "#663300",
              "x": 0,
              "y": 26,
              "z": 12,
              "rotationX": 90,
              "rotationY": 300,
              "rotationZ": 0,
              "name": "spike-6"
            }
          ]
        },
        {
          "shapes": [
            {
              "type": "sphere",
              "size": 12,
              "color": "#800000",
              "x": 0,
              "y": 26,
              "z": 0,
              "rotationX": 0,
              "rotationY": 0,
              "rotationZ": 0,
              "name": "core"
            },
            {
              "type": "cylinder",
              "size": 2.4,
              "height": 4.8,
              "color": "#663300",
              "x": 0,
              "y": 26,
              "z": -12,
              "rotationX": 90,
              "rotationY": 0,
              "rotationZ": 0,
              "name": "spike-1"
            },
            {
              "type": "cylinder",
              "size": 2.4,
              "height": 4.8,
              "color": "#663300",
              "x": 10.392,
              "y": 26,
              "z": -6,
              "rotationX": 90,
              "rotationY": null,
              "rotationZ": 60,
              "name": "spike-2"
            },
            {
              "type": "cylinder",
              "size": 2.4,
              "height": 4.8,
              "color": "#663300",
              "x": 10.392,
              "y": 26,
              "z": 6,
              "rotationX": 90,
              "rotationY": null,
              "rotationZ": 120,
              "name": "spike-3"
            },
            {
              "type": "cylinder",
              "size": 2.4,
              "height": 4.8,
              "color": "#663300",
              "x": -10.392,
              "y": 26,
              "z": -6,
              "rotationX": -90,
              "rotationY": null,
              "rotationZ": 60,
              "name": "spike-4"
            },
            {
              "type": "cylinder",
              "size": 2.4,
              "height": 4.8,
              "color": "#663300",
              "x": -10.392,
              "y": 26,
              "z": 6,
              "rotationX": 90,
              "rotationY": null,
              "rotationZ": 240,
              "name": "spike-5"
            },
            {
              "type": "cylinder",
              "size": 2.4,
              "height": 4.8,
              "color": "#663300",
              "x": 0,
              "y": 26,
              "z": 12,
              "rotationX": 90,
              "rotationY": 300,
              "rotationZ": 0,
              "name": "spike-6"
            }
          ]
        }
      ]
    }
  },
  "title": "spike_ball",
  "description": "A rolling spike ball monster with spinning spikes",
  "id": "spike_ball"
}