{
  "title": "Level 2",
  "wavesets": [
    "swarm",
    "swarm",
    "swarm"
  ],
  "tileMap": {
    "size": 32,
    "terrainTypes": [
      {
        "type": "water",
        "color": "#2d85c6",
        "image": [
          "iVBORw0KGgoAAAANSUhEUgAAABgAAAAYCAYAAADgdz34AAAANklEQVRIS2PUbT32n4GGgHHUAkKhOxpEhEKIYTSIRoOIYAgQVDCaikaDiGAIEFQwmopGQBABAAWoO0FhcUvnAAAAAElFTkSuQmCC",
          "iVBORw0KGgoAAAANSUhEUgAAABgAAAAYCAYAAADgdz34AAAANklEQVRIS2PUbT32n4GGgHHUAkKhOxpEhEKIYTSIRoOIYAgQVDCaikaDiGAIEFQwmopGQBABAAWoO0FhcUvnAAAAAElFTkSuQmCC",
          "iVBORw0KGgoAAAANSUhEUgAAABgAAAAYCAYAAADgdz34AAAANklEQVRIS2PUbT32n4GGgHHUAkKhOxpEhEKIYTSIRoOIYAgQVDCaikaDiGAIEFQwmopGQBABAAWoO0FhcUvnAAAAAElFTkSuQmCC",
          "iVBORw0KGgoAAAANSUhEUgAAABgAAAAYCAYAAADgdz34AAAANklEQVRIS2PUbT32n4GGgHHUAkKhOxpEhEKIYTSIRoOIYAgQVDCaikaDiGAIEFQwmopGQBABAAWoO0FhcUvnAAAAAElFTkSuQmCC",
          "iVBORw0KGgoAAAANSUhEUgAAABgAAAAYCAYAAADgdz34AAAANklEQVRIS2PUbT32n4GGgHHUAkKhOxpEhEKIYTSIRoOIYAgQVDCaikaDiGAIEFQwmopGQBABAAWoO0FhcUvnAAAAAElFTkSuQmCC",
          "iVBORw0KGgoAAAANSUhEUgAAABgAAAAYCAYAAADgdz34AAAANklEQVRIS2PUbT32n4GGgHHUAkKhOxpEhEKIYTSIRoOIYAgQVDCaikaDiGAIEFQwmopGQBABAAWoO0FhcUvnAAAAAElFTkSuQmCC",
          "iVBORw0KGgoAAAANSUhEUgAAABgAAAAYCAYAAADgdz34AAAANklEQVRIS2PUbT32n4GGgHHUAkKhOxpEhEKIYTSIRoOIYAgQVDCaikaDiGAIEFQwmopGQBABAAWoO0FhcUvnAAAAAElFTkSuQmCC",
          "iVBORw0KGgoAAAANSUhEUgAAABgAAAAYCAYAAADgdz34AAAANklEQVRIS2PUbT32n4GGgHHUAkKhOxpEhEKIYTSIRoOIYAgQVDCaikaDiGAIEFQwmopGQBABAAWoO0FhcUvnAAAAAElFTkSuQmCC"
        ],
        "buildable": false
      },
      {
        "type": "rock",
        "color": "#9e9e9e",
        "image": [
          "iVBORw0KGgoAAAANSUhEUgAAABgAAAAYCAYAAADgdz34AAAANklEQVRIS2OcN2/efwYaAsZRCwiF7mgQEQohhtEgGg0igiFAUMFoKhoNIoIhQFDBaCoaAUEEAIf9RHEX0vjVAAAAAElFTkSuQmCC",
          "iVBORw0KGgoAAAANSUhEUgAAABgAAAAYCAYAAADgdz34AAAAS0lEQVRIS2OcN2/efwYqgqSkJEZk4xipbQHIcGRLaGIBsiU0swBmCU0tAFkyagHBBD4aRKNBRDAECCoYTUWjQUQwBAgqGE1FAx9EAECFSQ0HGbi8AAAAAElFTkSuQmCC",
          "iVBORw0KGgoAAAANSUhEUgAAABgAAAAYCAYAAADgdz34AAAAPUlEQVRIS2NkoDFgpLH5DMPAgnnz5v2nZTAxjlpAKHhHg4hQCDGMBtFoEBEMAYIKRlPRaBARDAGCCmieigCFBDkNArgMlAAAAABJRU5ErkJggg==",
          "iVBORw0KGgoAAAANSUhEUgAAABgAAAAYCAYAAADgdz34AAAASElEQVRIS2NkoDFgpLH5DMPAgnnz5v2nRjAlJSVhDQ1GalkAciQ2S6hqATZLRi3ASB/o8TAaRKNBRHohMpqKCIbZaBCNwCACAOcCUBnjhUZTAAAAAElFTkSuQmCC",
          "iVBORw0KGgoAAAANSUhEUgAAABgAAAAYCAYAAADgdz34AAAANklEQVRIS2OcN2/efwYaAsZRCwiF7mgQEQohhtEgGg0igiFAUMFoKhoNIoIhQFDBaCoaAUEEAIf9RHEX0vjVAAAAAElFTkSuQmCC",
          "iVBORw0KGgoAAAANSUhEUgAAABgAAAAYCAYAAADgdz34AAAASklEQVRIS2OcN2/efwYaAsZRCwiF7mgQEQohhtEgGg0igiFAUMFoKhoNIoIhQFDB0E5FSUlJjDTzAchwUPjRxAKY4TSxANlwkAUAUEhJDYCk3yoAAAAASUVORK5CYII=",
          "iVBORw0KGgoAAAANSUhEUgAAABgAAAAYCAYAAADgdz34AAAAQElEQVRIS2OcN2/efwYaAsZRCwiF7mgQEQohhtEgGg0igiFAUMFoKhoNIoIhQFAB7VMRQSdQqICRQv0EtQ99CwDb3jkNHe23xQAAAABJRU5ErkJggg==",
          "iVBORw0KGgoAAAANSUhEUgAAABgAAAAYCAYAAADgdz34AAAAS0lEQVRIS2OcN2/efwYqgqSkJEZk4xhHLUAP3dEgIpjeRoNoNIgIhgBBBaOpaDSICIYAXgXoKQikmGo1GjbDwRZQ5mbCukctIBhGAC4oUBlpvrH3AAAAAElFTkSuQmCC"
        ],
        "buildable": false
      },
      {
        "type": "grass",
        "color": "#4a7c59",
        "image": [
          "iVBORw0KGgoAAAANSUhEUgAAABgAAAAYCAYAAADgdz34AAAANUlEQVRIS2P0qon8z0BDwDhqAaHQHQ0iQiHEMBpEo0FEMAQIKhhNRaNBRDAECCoYTUUjIIgAnCQy6fQdcSIAAAAASUVORK5CYII=",
          "iVBORw0KGgoAAAANSUhEUgAAABgAAAAYCAYAAADgdz34AAAATklEQVRIS2P0qon8z0AlsK1lOSO6UYxDygKQ69F9QVUfwIIH2RKaWIDsE5pZAPPNqAUEc9BoEI0GEcEQIKhgNBWNBhHBECCoYDQVEQwiAA75PFN7PN69AAAAAElFTkSuQmCC",
          "iVBORw0KGgoAAAANSUhEUgAAABgAAAAYCAYAAADgdz34AAAAPUlEQVRIS2NkoDFgpLH5DKMWEAxhRq+ayP8EVVGgYNQCgoE3GkSjQUQwBAgqGE1Fo0FEMAQIKhhNRQSDCAB4BShTjqMEpwAAAABJRU5ErkJggg==",
          "iVBORw0KGgoAAAANSUhEUgAAABgAAAAYCAYAAADgdz34AAAAS0lEQVRIS2NkoDFgpLH5DKMWEAxhRq+ayP8EVRFQsK1lOc6gpooFIPtxWUI1C3BZMmoBSvRji4fRIBoNItIKkdFURDC8RoNocAYRADzPTBkQkiUcAAAAAElFTkSuQmCC",
          "iVBORw0KGgoAAAANSUhEUgAAABgAAAAYCAYAAADgdz34AAAANUlEQVRIS2P0qon8z0BDwDhqAaHQHQ0iQiHEMBpEo0FEMAQIKhhNRaNBRDAECCoYTUUjIIgAnCQy6fQdcSIAAAAASUVORK5CYII=",
          "iVBORw0KGgoAAAANSUhEUgAAABgAAAAYCAYAAADgdz34AAAASklEQVRIS2P0qon8z0BDwDhqAaHQHQ0iQiHEMBpEo0FEMAQIKhhNRaNBRDAECCqgWSra1rKcEWQ7TSyAGU4TC5ANp7oF6IbTxQIARN88U7u38m0AAAAASUVORK5CYII=",
          "iVBORw0KGgoAAAANSUhEUgAAABgAAAAYCAYAAADgdz34AAAAPUlEQVRIS2P0qon8z0BDwDhqAaHQHQ0iQiHEMBpEo0FEMAQIKhhNRaNBRDAECCpgJKiCQgWjFhAMQJoHEQCyWyhTURksDgAAAABJRU5ErkJggg==",
          "iVBORw0KGgoAAAANSUhEUgAAABgAAAAYCAYAAADgdz34AAAASklEQVRIS2P0qon8z0AlsK1lOSO6UYyjFiAHyWgQEUxro0E0GkQEQ4CggtFUNMyDCFsEg7xMlQoHl+FgCwgGLIUKRi0gGIA0DyIAQT9MGVwsaTUAAAAASUVORK5CYII="
        ],
        "buildable": true
      },
      {
        "type": "forest",
        "color": "#1c6438",
        "image": [
          "iVBORw0KGgoAAAANSUhEUgAAABgAAAAYCAYAAADgdz34AAAANUlEQVRIS2OUSbH4z0BDwDhqAaHQHQ0iQiHEMBpEo0FEMAQIKhhNRaNBRDAECCoYTUUjIIgA71YpQQB/w8QAAAAASUVORK5CYII=",
          "iVBORw0KGgoAAAANSUhEUgAAABgAAAAYCAYAAADgdz34AAAATklEQVRIS2OUSbH4z0Al8GTOCUZ0oxiHlAUg16P7gqo+gAUPsiU0sQDZJzSzAOabUQsI5qDRIBoNIoIhQFDBaCoaDSKCIUBQwWgqIhhEAIHMNK76+kj9AAAAAElFTkSuQmCC",
          "iVBORw0KGgoAAAANSUhEUgAAABgAAAAYCAYAAADgdz34AAAAPUlEQVRIS2NkoDFgpLH5DKMWEAxhRpkUi/8EVVGgYNQCgoE3GkSjQUQwBAgqGE1Fo0FEMAQIKhhNRQSDCACNcyCuKmmRrQAAAABJRU5ErkJggg==",
          "iVBORw0KGgoAAAANSUhEUgAAABgAAAAYCAYAAADgdz34AAAAS0lEQVRIS2NkoDFgpLH5DKMWEAxhRpkUi/8EVRFQ8GTOCZxBTRULQPbjsoRqFuCyZNQClOjHFg+jQTQaRKQVIqOpiGB4jQbR4AwiAPx6TBmX9XIXAAAAAElFTkSuQmCC",
          "iVBORw0KGgoAAAANSUhEUgAAABgAAAAYCAYAAADgdz34AAAANUlEQVRIS2OUSbH4z0BDwDhqAaHQHQ0iQiHEMBpEo0FEMAQIKhhNRaNBRDAECCoYTUUjIIgA71YpQQB/w8QAAAAASUVORK5CYII=",
          "iVBORw0KGgoAAAANSUhEUgAAABgAAAAYCAYAAADgdz34AAAASklEQVRIS2OUSbH4z0BDwDhqAaHQHQ0iQiHEMBpEo0FEMAQIKhhNRaNBRDAECCqgWSp6MucEI8h2mlgAM5wmFiAbTnUL0A2niwUAO0c0rkd3ClIAAAAASUVORK5CYII=",
          "iVBORw0KGgoAAAANSUhEUgAAABgAAAAYCAYAAADgdz34AAAAPUlEQVRIS2OUSbH4z0BDwDhqAaHQHQ0iQiHEMBpEo0FEMAQIKhhNRaNBRDAECCpgJKiCQgWjFhAMQJoHEQBLXiCu2Bx7HwAAAABJRU5ErkJggg==",
          "iVBORw0KGgoAAAANSUhEUgAAABgAAAAYCAYAAADgdz34AAAASklEQVRIS2OUSbH4z0Al8GTOCUZ0oxhHLUAOktEgIpjWRoNoNIgIhgBBBaOpaJgHEbYIBnmZKhUOLsPBFhAMWAoVjFpAMABpHkQAAPlMGX+pQM0AAAAASUVORK5CYII="
        ],
        "buildable": true
      },
      {
        "type": "path",
        "color": "#f5d69a",
        "image": [
          "iVBORw0KGgoAAAANSUhEUgAAABgAAAAYCAYAAADgdz34AAAANklEQVRIS2P8em3WfwYaAsZRCwiF7mgQEQohhtEgGg0igiFAUMFoKhoNIoIhQFDBaCoaAUEEADJ7UXnV1RQ5AAAAAElFTkSuQmCC",
          "iVBORw0KGgoAAAANSUhEUgAAABgAAAAYCAYAAADgdz34AAAATklEQVRIS2P8em3WfwYqAW6tNEZ0oxiHlAUg16P7gqo+gAUPsiU0sQDZJzSzAOabUQsI5qDRIBoNIoIhQFDBaCoaDSKCIUBQwWgqIhhEAJvSVIWbYGLaAAAAAElFTkSuQmCC",
          "iVBORw0KGgoAAAANSUhEUgAAABgAAAAYCAYAAADgdz34AAAAPUlEQVRIS2NkoDFgpLH5DKMWEAxhxq/XZv0nqIoCBaMWEAy80SAaDSKCIUBQwWgqGg0igiFAUMFoKiIYRAACV0CFxNTeCQAAAABJRU5ErkJggg==",
          "iVBORw0KGgoAAAANSUhEUgAAABgAAAAYCAYAAADgdz34AAAAS0lEQVRIS2NkoDFgpLH5DKMWEAxhxq/XZv0nqIqAAm6tNJxBTRULQPbjsoRqFuCyZNQClOjHFg+jQTQaRKQVIqOpiGB4jQbR4AwiAFzITBnELKoVAAAAAElFTkSuQmCC",
          "iVBORw0KGgoAAAANSUhEUgAAABgAAAAYCAYAAADgdz34AAAANklEQVRIS2P8em3WfwYaAsZRCwiF7mgQEQohhtEgGg0igiFAUMFoKhoNIoIhQFDBaCoaAUEEADJ7UXnV1RQ5AAAAAElFTkSuQmCC",
          "iVBORw0KGgoAAAANSUhEUgAAABgAAAAYCAYAAADgdz34AAAASklEQVRIS2P8em3WfwYaAsZRCwiF7mgQEQohhtEgGg0igiFAUMFoKhoNIoIhQFABzVIRt1YaI8h2mlgAM5wmFiAbTnUL0A2niwUAqyRUhRUUb34AAAAASUVORK5CYII=",
          "iVBORw0KGgoAAAANSUhEUgAAABgAAAAYCAYAAADgdz34AAAAPUlEQVRIS2P8em3WfwYaAsZRCwiF7mgQEQohhtEgGg0igiFAUMFoKhoNIoIhQFABI0EVFCoYtYBgANI8iAAWGUCFGtCTSgAAAABJRU5ErkJggg==",
          "iVBORw0KGgoAAAANSUhEUgAAABgAAAAYCAYAAADgdz34AAAASklEQVRIS2P8em3WfwYqAW6tNEZ0oxhHLUAOktEgIpjWRoNoNIgIhgBBBaOpaJgHEbYIBnmZKhUOLsPBFhAMWAoVjFpAMABpHkQAYThMGX3v4DMAAAAASUVORK5CYII="
        ],
        "buildable": false
      },
      {
        "type": "lava",
        "color": "#cc6315",
        "image": [
          "iVBORw0KGgoAAAANSUhEUgAAABgAAAAYCAYAAADgdz34AAAANklEQVRIS2M8kyz6n4GGgHHUAkKhOxpEhEKIYTSIRoOIYAgQVDCaikaDiGAIEFQwmopGQBABABafNmFbBL82AAAAAElFTkSuQmCC",
          "iVBORw0KGgoAAAANSUhEUgAAABgAAAAYCAYAAADgdz34AAAANklEQVRIS2M8kyz6n4GGgHHUAkKhOxpEhEKIYTSIRoOIYAgQVDCaikaDiGAIEFQwmopGQBABABafNmFbBL82AAAAAElFTkSuQmCC",
          "iVBORw0KGgoAAAANSUhEUgAAABgAAAAYCAYAAADgdz34AAAANklEQVRIS2M8kyz6n4GGgHHUAkKhOxpEhEKIYTSIRoOIYAgQVDCaikaDiGAIEFQwmopGQBABABafNmFbBL82AAAAAElFTkSuQmCC",
          "iVBORw0KGgoAAAANSUhEUgAAABgAAAAYCAYAAADgdz34AAAANklEQVRIS2M8kyz6n4GGgHHUAkKhOxpEhEKIYTSIRoOIYAgQVDCaikaDiGAIEFQwmopGQBABABafNmFbBL82AAAAAElFTkSuQmCC",
          "iVBORw0KGgoAAAANSUhEUgAAABgAAAAYCAYAAADgdz34AAAANklEQVRIS2M8kyz6n4GGgHHUAkKhOxpEhEKIYTSIRoOIYAgQVDCaikaDiGAIEFQwmopGQBABABafNmFbBL82AAAAAElFTkSuQmCC",
          "iVBORw0KGgoAAAANSUhEUgAAABgAAAAYCAYAAADgdz34AAAANklEQVRIS2M8kyz6n4GGgHHUAkKhOxpEhEKIYTSIRoOIYAgQVDCaikaDiGAIEFQwmopGQBABABafNmFbBL82AAAAAElFTkSuQmCC",
          "iVBORw0KGgoAAAANSUhEUgAAABgAAAAYCAYAAADgdz34AAAANklEQVRIS2M8kyz6n4GGgHHUAkKhOxpEhEKIYTSIRoOIYAgQVDCaikaDiGAIEFQwmopGQBABABafNmFbBL82AAAAAElFTkSuQmCC",
          "iVBORw0KGgoAAAANSUhEUgAAABgAAAAYCAYAAADgdz34AAAANklEQVRIS2M8kyz6n4GGgHHUAkKhOxpEhEKIYTSIRoOIYAgQVDCaikaDiGAIEFQwmopGQBABABafNmFbBL82AAAAAElFTkSuQmCC"
        ],
        "buildable": false
      },
      {
        "type": "end",
        "color": "#ff9999",
        "image": [
          "iVBORw0KGgoAAAANSUhEUgAAABgAAAAYCAYAAADgdz34AAAANklEQVRIS2P8P3PmfwYaAsZRCwiF7mgQEQohhtEgGg0igiFAUMFoKhoNIoIhQFDBaCoaAUEEACT6TJlEjUJmAAAAAElFTkSuQmCC",
          "iVBORw0KGgoAAAANSUhEUgAAABgAAAAYCAYAAADgdz34AAAANklEQVRIS2P8P3PmfwYaAsZRCwiF7mgQEQohhtEgGg0igiFAUMFoKhoNIoIhQFDBaCoaAUEEACT6TJlEjUJmAAAAAElFTkSuQmCC",
          "iVBORw0KGgoAAAANSUhEUgAAABgAAAAYCAYAAADgdz34AAAANklEQVRIS2P8P3PmfwYaAsZRCwiF7mgQEQohhtEgGg0igiFAUMFoKhoNIoIhQFDBaCoaAUEEACT6TJlEjUJmAAAAAElFTkSuQmCC",
          "iVBORw0KGgoAAAANSUhEUgAAABgAAAAYCAYAAADgdz34AAAANklEQVRIS2P8P3PmfwYaAsZRCwiF7mgQEQohhtEgGg0igiFAUMFoKhoNIoIhQFDBaCoaAUEEACT6TJlEjUJmAAAAAElFTkSuQmCC",
          "iVBORw0KGgoAAAANSUhEUgAAABgAAAAYCAYAAADgdz34AAAANklEQVRIS2P8P3PmfwYaAsZRCwiF7mgQEQohhtEgGg0igiFAUMFoKhoNIoIhQFDBaCoaAUEEACT6TJlEjUJmAAAAAElFTkSuQmCC",
          "iVBORw0KGgoAAAANSUhEUgAAABgAAAAYCAYAAADgdz34AAAANklEQVRIS2P8P3PmfwYaAsZRCwiF7mgQEQohhtEgGg0igiFAUMFoKhoNIoIhQFDBaCoaAUEEACT6TJlEjUJmAAAAAElFTkSuQmCC",
          "iVBORw0KGgoAAAANSUhEUgAAABgAAAAYCAYAAADgdz34AAAANklEQVRIS2P8P3PmfwYaAsZRCwiF7mgQEQohhtEgGg0igiFAUMFoKhoNIoIhQFDBaCoaAUEEACT6TJlEjUJmAAAAAElFTkSuQmCC",
          "iVBORw0KGgoAAAANSUhEUgAAABgAAAAYCAYAAADgdz34AAAANklEQVRIS2P8P3PmfwYaAsZRCwiF7mgQEQohhtEgGg0igiFAUMFoKhoNIoIhQFDBaCoaAUEEACT6TJlEjUJmAAAAAElFTkSuQmCC"
        ],
        "buildable": false
      },
      {
        "type": "start",
        "color": "#ffff80",
        "image": [
          "iVBORw0KGgoAAAANSUhEUgAAABgAAAAYCAYAAADgdz34AAAANUlEQVRIS+3SsQ0AAAgCQd3czXGEr6x8ahKSC51M6jDtAOlKREIlkUQogAVfJBEKYMEXPSBaS5xT0QJZxg4AAAAASUVORK5CYII=",
          "iVBORw0KGgoAAAANSUhEUgAAABgAAAAYCAYAAADgdz34AAAANUlEQVRIS+3SsQ0AAAgCQd3czXGEr6x8ahKSC51M6jDtAOlKREIlkUQogAVfJBEKYMEXPSBaS5xT0QJZxg4AAAAASUVORK5CYII=",
          "iVBORw0KGgoAAAANSUhEUgAAABgAAAAYCAYAAADgdz34AAAANUlEQVRIS+3SsQ0AAAgCQd3czXGEr6x8ahKSC51M6jDtAOlKREIlkUQogAVfJBEKYMEXPSBaS5xT0QJZxg4AAAAASUVORK5CYII=",
          "iVBORw0KGgoAAAANSUhEUgAAABgAAAAYCAYAAADgdz34AAAANUlEQVRIS+3SsQ0AAAgCQd3czXGEr6x8ahKSC51M6jDtAOlKREIlkUQogAVfJBEKYMEXPSBaS5xT0QJZxg4AAAAASUVORK5CYII=",
          "iVBORw0KGgoAAAANSUhEUgAAABgAAAAYCAYAAADgdz34AAAANUlEQVRIS+3SsQ0AAAgCQd3czXGEr6x8ahKSC51M6jDtAOlKREIlkUQogAVfJBEKYMEXPSBaS5xT0QJZxg4AAAAASUVORK5CYII=",
          "iVBORw0KGgoAAAANSUhEUgAAABgAAAAYCAYAAADgdz34AAAANUlEQVRIS+3SsQ0AAAgCQd3czXGEr6x8ahKSC51M6jDtAOlKREIlkUQogAVfJBEKYMEXPSBaS5xT0QJZxg4AAAAASUVORK5CYII=",
          "iVBORw0KGgoAAAANSUhEUgAAABgAAAAYCAYAAADgdz34AAAANUlEQVRIS+3SsQ0AAAgCQd3czXGEr6x8ahKSC51M6jDtAOlKREIlkUQogAVfJBEKYMEXPSBaS5xT0QJZxg4AAAAASUVORK5CYII=",
          "iVBORw0KGgoAAAANSUhEUgAAABgAAAAYCAYAAADgdz34AAAANUlEQVRIS+3SsQ0AAAgCQd3czXGEr6x8ahKSC51M6jDtAOlKREIlkUQogAVfJBEKYMEXPSBaS5xT0QJZxg4AAAAASUVORK5CYII="
        ],
        "buildable": false
      }
    ],
    "terrainMap": [
      [
        "grass",
        "grass",
        "grass",
        "grass",
        "grass",
        "grass",
        "grass",
        "start",
        "grass",
        "grass",
        "grass",
        "grass",
        "path",
        "path",
        "path",
        "path",
        "grass",
        "grass",
        "grass",
        "grass",
        "grass",
        "grass",
        "grass",
        "grass",
        "grass",
        "grass",
        "grass",
        "grass",
        "grass",
        "grass",
        "grass",
        "grass"
      ],
      [
        "grass",
        "path",
        "path",
        "path",
        "grass",
        "grass",
        "grass",
        "path",
        "grass",
        "grass",
        "grass",
        "grass",
        "path",
        "grass",
        "grass",
        "path",
        "grass",
        "grass",
        "grass",
        "grass",
        "path",
        "path",
        "path",
        "grass",
        "path",
        "path",
        "path",
        "grass",
        "path",
        "path",
        "path",
        "grass"
      ],
      [
        "grass",
        "path",
        "grass",
        "path",
        "grass",
        "grass",
        "grass",
        "path",
        "grass",
        "grass",
        "grass",
        "grass",
        "path",
        "grass",
        "grass",
        "path",
        "path",
        "grass",
        "grass",
        "path",
        "path",
        "grass",
        "path",
        "path",
        "path",
        "grass",
        "path",
        "path",
        "path",
        "grass",
        "path",
        "grass"
      ],
      [
        "grass",
        "path",
        "grass",
        "path",
        "grass",
        "grass",
        "grass",
        "path",
        "grass",
        "grass",
        "grass",
        "grass",
        "path",
        "path",
        "path",
        "grass",
        "path",
        "path",
        "path",
        "path",
        "grass",
        "grass",
        "grass",
        "grass",
        "grass",
        "grass",
        "grass",
        "grass",
        "grass",
        "grass",
        "path",
        "grass"
      ],
      [
        "grass",
        "path",
        "grass",
        "path",
        "grass",
        "grass",
        "grass",
        "path",
        "grass",
        "grass",
        "grass",
        "grass",
        "grass",
        "grass",
        "path",
        "grass",
        "grass",
        "grass",
        "grass",
        "grass",
        "grass",
        "grass",
        "grass",
        "grass",
        "grass",
        "grass",
        "grass",
        "grass",
        "grass",
        "grass",
        "path",
        "grass"
      ],
      [
        "grass",
        "path",
        "grass",
        "path",
        "grass",
        "grass",
        "grass",
        "path",
        "path",
        "path",
        "path",
        "path",
        "path",
        "path",
        "path",
        "grass",
        "grass",
        "grass",
        "grass",
        "grass",
        "grass",
        "grass",
        "grass",
        "grass",
        "grass",
        "grass",
        "grass",
        "grass",
        "grass",
        "grass",
        "path",
        "grass"
      ],
      [
        "grass",
        "path",
        "grass",
        "path",
        "grass",
        "grass",
        "grass",
        "grass",
        "grass",
        "grass",
        "grass",
        "grass",
        "grass",
        "grass",
        "grass",
        "grass",
        "grass",
        "grass",
        "path",
        "path",
        "path",
        "path",
        "path",
        "path",
        "path",
        "path",
        "path",
        "path",
        "path",
        "path",
        "path",
        "grass"
      ],
      [
        "grass",
        "path",
        "grass",
        "path",
        "grass",
        "grass",
        "grass",
        "grass",
        "grass",
        "grass",
        "grass",
        "grass",
        "path",
        "grass",
        "grass",
        "path",
        "path",
        "path",
        "path",
        "grass",
        "grass",
        "grass",
        "grass",
        "grass",
        "grass",
        "grass",
        "path",
        "grass",
        "grass",
        "grass",
        "grass",
        "grass"
      ],
      [
        "grass",
        "path",
        "grass",
        "path",
        "grass",
        "grass",
        "grass",
        "grass",
        "grass",
        "grass",
        "grass",
        "grass",
        "path",
        "grass",
        "grass",
        "path",
        "grass",
        "grass",
        "grass",
        "grass",
        "grass",
        "grass",
        "grass",
        "grass",
        "grass",
        "grass",
        "path",
        "grass",
        "grass",
        "grass",
        "grass",
        "grass"
      ],
      [
        "grass",
        "path",
        "grass",
        "path",
        "grass",
        "grass",
        "grass",
        "grass",
        "grass",
        "water",
        "forest",
        "grass",
        "path",
        "grass",
        "grass",
        "path",
        "grass",
        "forest",
        "grass",
        "grass",
        "rock",
        "rock",
        "grass",
        "grass",
        "grass",
        "grass",
        "path",
        "grass",
        "grass",
        "grass",
        "grass",
        "grass"
      ],
      [
        "grass",
        "path",
        "grass",
        "path",
        "grass",
        "grass",
        "grass",
        "grass",
        "grass",
        "forest",
        "grass",
        "grass",
        "path",
        "grass",
        "grass",
        "path",
        "grass",
        "forest",
        "grass",
        "grass",
        "rock",
        "rock",
        "grass",
        "grass",
        "path",
        "path",
        "path",
        "grass",
        "grass",
        "grass",
        "grass",
        "grass"
      ],
      [
        "grass",
        "path",
        "grass",
        "path",
        "grass",
        "grass",
        "grass",
        "grass",
        "grass",
        "grass",
        "grass",
        "path",
        "path",
        "grass",
        "grass",
        "path",
        "path",
        "path",
        "path",
        "grass",
        "grass",
        "grass",
        "grass",
        "grass",
        "path",
        "grass",
        "grass",
        "grass",
        "grass",
        "grass",
        "grass",
        "grass"
      ],
      [
        "grass",
        "path",
        "grass",
        "path",
        "grass",
        "grass",
        "grass",
        "grass",
        "grass",
        "grass",
        "grass",
        "path",
        "grass",
        "grass",
        "water",
        "water",
        "water",
        "grass",
        "path",
        "grass",
        "grass",
        "grass",
        "grass",
        "grass",
        "path",
        "grass",
        "grass",
        "grass",
        "grass",
        "grass",
        "grass",
        "grass"
      ],
      [
        "grass",
        "path",
        "grass",
        "path",
        "grass",
        "grass",
        "grass",
        "grass",
        "grass",
        "grass",
        "path",
        "path",
        "grass",
        "grass",
        "water",
        "water",
        "water",
        "grass",
        "path",
        "grass",
        "forest",
        "forest",
        "grass",
        "grass",
        "path",
        "path",
        "grass",
        "grass",
        "grass",
        "grass",
        "grass",
        "grass"
      ],
      [
        "grass",
        "path",
        "grass",
        "path",
        "grass",
        "grass",
        "grass",
        "grass",
        "grass",
        "grass",
        "path",
        "grass",
        "grass",
        "grass",
        "water",
        "water",
        "water",
        "grass",
        "path",
        "grass",
        "forest",
        "grass",
        "grass",
        "grass",
        "grass",
        "path",
        "path",
        "grass",
        "grass",
        "grass",
        "grass",
        "grass"
      ],
      [
        "grass",
        "path",
        "grass",
        "path",
        "grass",
        "grass",
        "grass",
        "grass",
        "grass",
        "path",
        "path",
        "grass",
        "grass",
        "grass",
        "grass",
        "grass",
        "path",
        "path",
        "path",
        "grass",
        "grass",
        "grass",
        "grass",
        "grass",
        "grass",
        "grass",
        "path",
        "grass",
        "grass",
        "grass",
        "grass",
        "grass"
      ],
      [
        "grass",
        "path",
        "grass",
        "path",
        "grass",
        "grass",
        "grass",
        "grass",
        "grass",
        "path",
        "grass",
        "grass",
        "grass",
        "grass",
        "end",
        "grass",
        "path",
        "grass",
        "path",
        "path",
        "path",
        "path",
        "grass",
        "grass",
        "grass",
        "grass",
        "path",
        "path",
        "path",
        "path",
        "path",
        "start"
      ],
      [
        "grass",
        "path",
        "grass",
        "path",
        "grass",
        "grass",
        "grass",
        "grass",
        "grass",
        "path",
        "grass",
        "forest",
        "forest",
        "grass",
        "path",
        "path",
        "path",
        "grass",
        "grass",
        "grass",
        "grass",
        "path",
        "grass",
        "grass",
        "grass",
        "grass",
        "grass",
        "grass",
        "grass",
        "grass",
        "grass",
        "grass"
      ],
      [
        "grass",
        "path",
        "grass",
        "path",
        "grass",
        "grass",
        "grass",
        "grass",
        "grass",
        "grass",
        "grass",
        "forest",
        "grass",
        "grass",
        "grass",
        "grass",
        "grass",
        "grass",
        "grass",
        "lava",
        "lava",
        "path",
        "grass",
        "grass",
        "grass",
        "grass",
        "grass",
        "grass",
        "grass",
        "grass",
        "grass",
        "grass"
      ],
      [
        "grass",
        "path",
        "grass",
        "path",
        "path",
        "path",
        "path",
        "path",
        "path",
        "path",
        "path",
        "path",
        "path",
        "grass",
        "grass",
        "grass",
        "grass",
        "grass",
        "grass",
        "lava",
        "lava",
        "path",
        "grass",
        "grass",
        "grass",
        "grass",
        "grass",
        "grass",
        "grass",
        "grass",
        "grass",
        "grass"
      ],
      [
        "grass",
        "path",
        "grass",
        "grass",
        "grass",
        "grass",
        "grass",
        "grass",
        "grass",
        "grass",
        "grass",
        "grass",
        "path",
        "grass",
        "grass",
        "grass",
        "grass",
        "grass",
        "grass",
        "lava",
        "lava",
        "path",
        "grass",
        "grass",
        "grass",
        "grass",
        "grass",
        "grass",
        "grass",
        "grass",
        "grass",
        "grass"
      ],
      [
        "water",
        "path",
        "water",
        "water",
        "water",
        "water",
        "water",
        "water",
        "water",
        "water",
        "grass",
        "grass",
        "path",
        "path",
        "path",
        "path",
        "path",
        "path",
        "path",
        "path",
        "path",
        "path",
        "grass",
        "grass",
        "grass",
        "grass",
        "grass",
        "grass",
        "grass",
        "grass",
        "grass",
        "grass"
      ],
      [
        "water",
        "path",
        "water",
        "water",
        "water",
        "water",
        "water",
        "water",
        "water",
        "water",
        "grass",
        "grass",
        "grass",
        "grass",
        "grass",
        "grass",
        "grass",
        "grass",
        "grass",
        "grass",
        "grass",
        "grass",
        "grass",
        "grass",
        "grass",
        "grass",
        "grass",
        "grass",
        "grass",
        "grass",
        "grass",
        "grass"
      ],
      [
        "grass",
        "path",
        "grass",
        "grass",
        "grass",
        "grass",
        "grass",
        "grass",
        "grass",
        "grass",
        "grass",
        "path",
        "path",
        "path",
        "path",
        "grass",
        "grass",
        "grass",
        "grass",
        "grass",
        "grass",
        "grass",
        "grass",
        "grass",
        "grass",
        "grass",
        "grass",
        "grass",
        "grass",
        "grass",
        "grass",
        "grass"
      ],
      [
        "grass",
        "path",
        "grass",
        "grass",
        "grass",
        "grass",
        "grass",
        "grass",
        "grass",
        "grass",
        "grass",
        "path",
        "grass",
        "grass",
        "path",
        "path",
        "grass",
        "grass",
        "grass",
        "grass",
        "grass",
        "grass",
        "grass",
        "grass",
        "grass",
        "grass",
        "grass",
        "grass",
        "grass",
        "grass",
        "grass",
        "grass"
      ],
      [
        "grass",
        "path",
        "grass",
        "grass",
        "grass",
        "grass",
        "grass",
        "grass",
        "grass",
        "grass",
        "grass",
        "path",
        "grass",
        "grass",
        "grass",
        "path",
        "path",
        "grass",
        "grass",
        "grass",
        "grass",
        "grass",
        "grass",
        "grass",
        "grass",
        "grass",
        "grass",
        "grass",
        "grass",
        "grass",
        "grass",
        "grass"
      ],
      [
        "grass",
        "path",
        "grass",
        "grass",
        "grass",
        "grass",
        "grass",
        "grass",
        "grass",
        "grass",
        "grass",
        "path",
        "grass",
        "grass",
        "grass",
        "grass",
        "path",
        "grass",
        "grass",
        "grass",
        "grass",
        "grass",
        "grass",
        "grass",
        "grass",
        "grass",
        "grass",
        "grass",
        "grass",
        "grass",
        "grass",
        "grass"
      ],
      [
        "grass",
        "path",
        "grass",
        "grass",
        "grass",
        "grass",
        "grass",
        "grass",
        "grass",
        "grass",
        "grass",
        "path",
        "grass",
        "grass",
        "grass",
        "grass",
        "path",
        "grass",
        "grass",
        "grass",
        "grass",
        "grass",
        "grass",
        "grass",
        "grass",
        "grass",
        "grass",
        "grass",
        "grass",
        "grass",
        "grass",
        "grass"
      ],
      [
        "grass",
        "path",
        "path",
        "path",
        "path",
        "path",
        "path",
        "path",
        "path",
        "path",
        "path",
        "path",
        "grass",
        "grass",
        "grass",
        "grass",
        "path",
        "grass",
        "grass",
        "grass",
        "grass",
        "grass",
        "grass",
        "grass",
        "grass",
        "grass",
        "grass",
        "grass",
        "grass",
        "grass",
        "grass",
        "grass"
      ],
      [
        "grass",
        "grass",
        "grass",
        "grass",
        "grass",
        "grass",
        "grass",
        "grass",
        "grass",
        "grass",
        "grass",
        "grass",
        "grass",
        "grass",
        "grass",
        "grass",
        "path",
        "grass",
        "grass",
        "grass",
        "grass",
        "grass",
        "grass",
        "grass",
        "grass",
        "grass",
        "grass",
        "grass",
        "grass",
        "grass",
        "grass",
        "grass"
      ],
      [
        "grass",
        "grass",
        "grass",
        "grass",
        "grass",
        "grass",
        "grass",
        "grass",
        "grass",
        "grass",
        "grass",
        "grass",
        "grass",
        "grass",
        "grass",
        "grass",
        "path",
        "grass",
        "grass",
        "grass",
        "grass",
        "grass",
        "grass",
        "grass",
        "grass",
        "grass",
        "grass",
        "grass",
        "grass",
        "grass",
        "grass",
        "grass"
      ],
      [
        "grass",
        "grass",
        "grass",
        "grass",
        "grass",
        "grass",
        "grass",
        "grass",
        "grass",
        "grass",
        "grass",
        "grass",
        "grass",
        "grass",
        "grass",
        "grass",
        "start",
        "grass",
        "grass",
        "grass",
        "grass",
        "grass",
        "grass",
        "grass",
        "grass",
        "grass",
        "grass",
        "grass",
        "grass",
        "grass",
        "grass",
        "grass"
      ]
    ],
    "terrainBGColor": "#467554"
  }
}