{
  "hp": 50,
  "speed": 0.6,
  "value": 15,
  "essence": 20,
  "regen": 0.5,
  "render": {
    "animations": {
      "idle": [
        {
          "shapes": [
            {
              "type": "sphere",
              "width": 26,
              "height": 20,
              "depth": 24,
              "color": "#A52A2A",
              "x": 0,
              "y": 20,
              "z": 0,
              "size": 28
            },
            {
              "type": "sphere",
              "size": 18,
              "color": "#A52A2A",
              "x": 0,
              "y": 36,
              "z": 0
            },
            {
              "type": "cylinder",
              "size": 8,
              "height": 14,
              "color": "#8B4513",
              "x": 16,
              "y": 24,
              "z": 0,
              "rotationZ": 45
            },
            {
              "type": "cylinder",
              "size": 8,
              "height": 14,
              "color": "#8B4513",
              "x": -16,
              "y": 24,
              "z": 0,
              "rotationZ": -45
            },
            {
              "type": "sphere",
              "size": 9,
              "color": "#A52A2A",
              "x": 22,
              "y": 18,
              "z": 0
            },
            {
              "type": "sphere",
              "size": 9,
              "color": "#A52A2A",
              "x": -22,
              "y": 18,
              "z": 0
            },
            {
              "type": "cylinder",
              "size": 8,
              "height": 16,
              "color": "#8B4513",
              "x": 10,
              "y": 8,
              "z": 0,
              "rotationZ": 0
            },
            {
              "type": "cylinder",
              "size": 8,
              "height": 16,
              "color": "#8B4513",
              "x": -10,
              "y": 8,
              "z": 0,
              "rotationZ": 0
            },
            {
              "type": "sphere",
              "size": 6,
              "color": "#FFFFFF",
              "x": 5,
              "y": 38,
              "z": 8
            },
            {
              "type": "sphere",
              "size": 6,
              "color": "#FFFFFF",
              "x": -5,
              "y": 38,
              "z": 8
            },
            {
              "type": "sphere",
              "size": 3,
              "color": "#000000",
              "x": 5,
              "y": 38,
              "z": 10
            },
            {
              "type": "sphere",
              "size": 3,
              "color": "#000000",
              "x": -5,
              "y": 38,
              "z": 10
            },
            {
              "type": "cone",
              "size": 6,
              "height": 12,
              "color": "#8B4513",
              "x": -10,
              "y": 42,
              "z": 0,
              "rotationZ": 45
            },
            {
              "type": "cone",
              "size": 6,
              "height": 12,
              "color": "#8B4513",
              "x": 10,
              "y": 42,
              "z": 0,
              "rotationZ": -45
            }
          ]
        }
      ],
      "walk": [
        {
          "shapes": [
            {
              "type": "sphere",
              "width": 26,
              "height": 20,
              "depth": 24,
              "color": "#A52A2A",
              "x": 0,
              "y": 20,
              "z": 0,
              "size": 28
            },
            {
              "type": "sphere",
              "size": 18,
              "color": "#A52A2A",
              "x": 0,
              "y": 36,
              "z": 0
            },
            {
              "type": "cylinder",
              "size": 8,
              "height": 14,
              "color": "#8B4513",
              "x": 16,
              "y": 24,
              "z": 0,
              "rotationZ": 45
            },
            {
              "type": "cylinder",
              "size": 8,
              "height": 14,
              "color": "#8B4513",
              "x": -16,
              "y": 24,
              "z": 0,
              "rotationZ": -45
            },
            {
              "type": "sphere",
              "size": 9,
              "color": "#A52A2A",
              "x": 22,
              "y": 18,
              "z": 0
            },
            {
              "type": "sphere",
              "size": 9,
              "color": "#A52A2A",
              "x": -22,
              "y": 18,
              "z": 0
            },
            {
              "type": "cylinder",
              "size": 8,
              "height": 16,
              "color": "#8B4513",
              "x": 10,
              "y": 8,
              "z": 0,
              "rotationZ": 0
            },
            {
              "type": "cylinder",
              "size": 8,
              "height": 16,
              "color": "#8B4513",
              "x": -10,
              "y": 8,
              "z": 0,
              "rotationZ": 0
            },
            {
              "type": "sphere",
              "size": 6,
              "color": "#FFFFFF",
              "x": 5,
              "y": 38,
              "z": 8
            },
            {
              "type": "sphere",
              "size": 6,
              "color": "#FFFFFF",
              "x": -5,
              "y": 38,
              "z": 8
            },
            {
              "type": "sphere",
              "size": 3,
              "color": "#000000",
              "x": 5,
              "y": 38,
              "z": 10
            },
            {
              "type": "sphere",
              "size": 3,
              "color": "#000000",
              "x": -5,
              "y": 38,
              "z": 10
            },
            {
              "type": "cone",
              "size": 6,
              "height": 12,
              "color": "#8B4513",
              "x": -10,
              "y": 42,
              "z": 0,
              "rotationZ": 45
            },
            {
              "type": "cone",
              "size": 6,
              "height": 12,
              "color": "#8B4513",
              "x": 10,
              "y": 42,
              "z": 0,
              "rotationZ": -45
            }
          ]
        },
        {
          "shapes": [
            {
              "type": "sphere",
              "width": 26,
              "height": 20,
              "depth": 24,
              "color": "#A52A2A",
              "x": -0.4465238854292495,
              "y": 20,
              "z": 0.039065777968608106,
              "size": 28
            },
            {
              "type": "sphere",
              "size": 18,
              "color": "#A52A2A",
              "x": -0.4465238854292495,
              "y": 36,
              "z": 0.039065777968608106
            },
            {
              "type": "cylinder",
              "size": 8,
              "height": 14,
              "color": "#8B4513",
              "x": 15.31040016276608,
              "y": 24,
              "z": -2.7393050647022767,
              "rotationZ": 45,
              "rotationX": -10
            },
            {
              "type": "cylinder",
              "size": 8,
              "height": 14,
              "color": "#8B4513",
              "x": -16.203447933624577,
              "y": 24,
              "z": 2.8174366206394934,
              "rotationZ": -45,
              "rotationX": 10
            },
            {
              "type": "sphere",
              "size": 9,
              "color": "#A52A2A",
              "x": 21.219246680839326,
              "y": 18,
              "z": -1.9
            },
            {
              "type": "sphere",
              "size": 9,
              "color": "#A52A2A",
              "x": -22.112294451697828,
              "y": 18,
              "z": 2.1
            },
            {
              "type": "cylinder",
              "size": 8,
              "height": 16,
              "color": "#8B4513",
              "x": 9.40155364469283,
              "y": 8,
              "z": -1.6974159987006954,
              "rotationZ": 0
            },
            {
              "type": "cylinder",
              "size": 8,
              "height": 16,
              "color": "#8B4513",
              "x": -10.294601415551329,
              "y": 8,
              "z": 1.7755475546379114,
              "rotationZ": 0
            },
            {
              "type": "sphere",
              "size": 6,
              "color": "#FFFFFF",
              "x": 5.866700300967233,
              "y": 38,
              "z": 7.0492869137316205
            },
            {
              "type": "sphere",
              "size": 6,
              "color": "#FFFFFF",
              "x": -3.9813772291548464,
              "y": 38,
              "z": 8.785768690400923
            },
            {
              "type": "sphere",
              "size": 3,
              "color": "#000000",
              "x": 6.213996656301093,
              "y": 38,
              "z": 9.018902419756037
            },
            {
              "type": "sphere",
              "size": 3,
              "color": "#000000",
              "x": -3.6340808738209858,
              "y": 38,
              "z": 10.75538419642534
            },
            {
              "type": "cone",
              "size": 6,
              "height": 12,
              "color": "#8B4513",
              "x": -10.294601415551329,
              "y": 42,
              "z": 1.7755475546379114,
              "rotationZ": 45
            },
            {
              "type": "cone",
              "size": 6,
              "height": 12,
              "color": "#8B4513",
              "x": 9.40155364469283,
              "y": 42,
              "z": -1.6974159987006954,
              "rotationZ": -45
            }
          ]
        },
        {
          "shapes": [
            {
              "type": "sphere",
              "width": 26,
              "height": 20,
              "depth": 24,
              "color": "#A52A2A",
              "x": 0,
              "y": 20,
              "z": 0,
              "size": 28
            },
            {
              "type": "sphere",
              "size": 18,
              "color": "#A52A2A",
              "x": 0,
              "y": 36,
              "z": 0
            },
            {
              "type": "cylinder",
              "size": 8,
              "height": 14,
              "color": "#8B4513",
              "x": 16,
              "y": 24,
              "z": 0,
              "rotationZ": 45
            },
            {
              "type": "cylinder",
              "size": 8,
              "height": 14,
              "color": "#8B4513",
              "x": -16,
              "y": 24,
              "z": 0,
              "rotationZ": -45
            },
            {
              "type": "sphere",
              "size": 9,
              "color": "#A52A2A",
              "x": 22,
              "y": 18,
              "z": 0
            },
            {
              "type": "sphere",
              "size": 9,
              "color": "#A52A2A",
              "x": -22,
              "y": 18,
              "z": 0
            },
            {
              "type": "cylinder",
              "size": 8,
              "height": 16,
              "color": "#8B4513",
              "x": 10,
              "y": 8,
              "z": 0,
              "rotationZ": 0
            },
            {
              "type": "cylinder",
              "size": 8,
              "height": 16,
              "color": "#8B4513",
              "x": -10,
              "y": 8,
              "z": 0,
              "rotationZ": 0
            },
            {
              "type": "sphere",
              "size": 6,
              "color": "#FFFFFF",
              "x": 5,
              "y": 38,
              "z": 8
            },
            {
              "type": "sphere",
              "size": 6,
              "color": "#FFFFFF",
              "x": -5,
              "y": 38,
              "z": 8
            },
            {
              "type": "sphere",
              "size": 3,
              "color": "#000000",
              "x": 5,
              "y": 38,
              "z": 10
            },
            {
              "type": "sphere",
              "size": 3,
              "color": "#000000",
              "x": -5,
              "y": 38,
              "z": 10
            },
            {
              "type": "cone",
              "size": 6,
              "height": 12,
              "color": "#8B4513",
              "x": -10,
              "y": 42,
              "z": 0,
              "rotationZ": 45
            },
            {
              "type": "cone",
              "size": 6,
              "height": 12,
              "color": "#8B4513",
              "x": 10,
              "y": 42,
              "z": 0,
              "rotationZ": -45
            }
          ]
        },
        {
          "shapes": [
            {
              "type": "sphere",
              "width": 26,
              "height": 20,
              "depth": 24,
              "color": "#A52A2A",
              "x": 0.4465238854292495,
              "y": 20,
              "z": 0.039065777968608106,
              "size": 28
            },
            {
              "type": "sphere",
              "size": 18,
              "color": "#A52A2A",
              "x": 0.4465238854292495,
              "y": 36,
              "z": 0.039065777968608106
            },
            {
              "type": "cylinder",
              "size": 8,
              "height": 14,
              "color": "#8B4513",
              "x": 16.203447933624577,
              "y": 24,
              "z": 2.8174366206394934,
              "rotationZ": 45,
              "rotationX": 10
            },
            {
              "type": "cylinder",
              "size": 8,
              "height": 14,
              "color": "#8B4513",
              "x": -15.31040016276608,
              "y": 24,
              "z": -2.7393050647022767,
              "rotationZ": -45,
              "rotationX": -10
            },
            {
              "type": "sphere",
              "size": 9,
              "color": "#A52A2A",
              "x": 22.112294451697828,
              "y": 18,
              "z": 1.9
            },
            {
              "type": "sphere",
              "size": 9,
              "color": "#A52A2A",
              "x": -21.219246680839326,
              "y": 18,
              "z": -1.6
            },
            {
              "type": "cylinder",
              "size": 8,
              "height": 16,
              "color": "#8B4513",
              "x": 10.294601415551329,
              "y": 8,
              "z": 1.7755475546379114,
              "rotationZ": 0
            },
            {
              "type": "cylinder",
              "size": 8,
              "height": 16,
              "color": "#8B4513",
              "x": -9.40155364469283,
              "y": 8,
              "z": -1.6974159987006954,
              "rotationZ": 0
            },
            {
              "type": "sphere",
              "size": 6,
              "color": "#FFFFFF",
              "x": 3.9813772291548464,
              "y": 38,
              "z": 8.785768690400923
            },
            {
              "type": "sphere",
              "size": 6,
              "color": "#FFFFFF",
              "x": -5.866700300967233,
              "y": 38,
              "z": 7.0492869137316205
            },
            {
              "type": "sphere",
              "size": 3,
              "color": "#000000",
              "x": 3.6340808738209858,
              "y": 38,
              "z": 10.75538419642534
            },
            {
              "type": "sphere",
              "size": 3,
              "color": "#000000",
              "x": -6.213996656301093,
              "y": 38,
              "z": 9.018902419756037
            },
            {
              "type": "cone",
              "size": 6,
              "height": 12,
              "color": "#8B4513",
              "x": -9.40155364469283,
              "y": 42,
              "z": -1.6974159987006954,
              "rotationZ": 45
            },
            {
              "type": "cone",
              "size": 6,
              "height": 12,
              "color": "#8B4513",
              "x": 10.294601415551329,
              "y": 42,
              "z": 1.7755475546379114,
              "rotationZ": -45
            }
          ]
        }
      ]
    }
  },
  "armor": 50,
  "title": "blood beast"
}