{
  "hp": 20,
  "value": 10,
  "essence": 15,
  "speed": 1,
  "render": {
    "animations": {
      "idle": [
        {
          "shapes": [
            {
              "type": "box",
              "width": 14,
              "height": 18,
              "depth": 10,
              "x": 0,
              "y": 28.75,
              "z": 1.48,
              "color": "#8B4513",
              "name": "torso"
            },
            {
              "type": "sphere",
              "size": 15,
              "x": 0,
              "y": 43.75,
              "z": 1.48,
              "color": "#e8c9a0",
              "name": "head"
            },
            {
              "type": "box",
              "width": 5,
              "height": 4,
              "depth": 6,
              "x": 0,
              "y": 43.75,
              "z": 7.48,
              "color": "#E8C9A0",
              "name": "nose"
            },
            {
              "type": "box",
              "width": 12,
              "height": 3,
              "depth": 6,
              "x": 0,
              "y": 40.25,
              "z": 5.48,
              "color": "#ecb69b",
              "name": "jaw"
            },
            {
              "type": "sphere",
              "size": 4,
              "x": 4.5,
              "y": 45.75,
              "z": 5.98,
              "color": "#87CEFA",
              "name": "eye-right"
            },
            {
              "type": "sphere",
              "size": 1.5,
              "x": 5,
              "y": 45.75,
              "z": 7.48,
              "color": "#000000",
              "name": "pupil-right"
            },
            {
              "type": "sphere",
              "size": 4,
              "x": -4.5,
              "y": 45.75,
              "z": 5.98,
              "color": "#87CEFA",
              "name": "eye-left"
            },
            {
              "type": "sphere",
              "size": 1.5,
              "x": -5,
              "y": 45.75,
              "z": 7.48,
              "color": "#000000",
              "name": "pupil-left"
            },
            {
              "type": "box",
              "width": 6,
              "height": 20,
              "depth": 6,
              "x": 12,
              "y": 29.75,
              "z": 1.48,
              "color": "#8B4513",
              "name": "arm-right"
            },
            {
              "type": "box",
              "width": 6,
              "height": 20,
              "depth": 6,
              "x": -12,
              "y": 29.75,
              "z": 1.48,
              "color": "#8B4513",
              "name": "arm-left"
            },
            {
              "type": "box",
              "width": 8,
              "height": 5,
              "depth": 7,
              "x": 12,
              "y": 17.75,
              "z": 2.48,
              "color": "#E8C9A0",
              "name": "hand-right"
            },
            {
              "type": "box",
              "width": 8,
              "height": 5,
              "depth": 7,
              "x": -12,
              "y": 17.75,
              "z": 2.48,
              "color": "#E8C9A0",
              "name": "hand-left"
            },
            {
              "type": "box",
              "width": 6,
              "height": 15,
              "depth": 6,
              "x": 4,
              "y": 9.75,
              "z": 1.48,
              "color": "#8B4513",
              "name": "leg-right"
            },
            {
              "type": "box",
              "width": 6,
              "height": 15,
              "depth": 6,
              "x": -4,
              "y": 9.75,
              "z": 1.48,
              "color": "#8B4513",
              "name": "leg-left"
            },
            {
              "type": "box",
              "width": 7,
              "height": 3,
              "depth": 10,
              "x": 4,
              "y": 1.75,
              "z": 3.48,
              "color": "#3B3B3B",
              "name": "foot-right"
            },
            {
              "type": "box",
              "width": 7,
              "height": 3,
              "depth": 10,
              "x": -4,
              "y": 1.75,
              "z": 3.48,
              "color": "#3B3B3B",
              "name": "foot-left"
            },
            {
              "type": "box",
              "width": 15,
              "height": 3,
              "depth": 11,
              "x": 0,
              "y": 19.75,
              "z": 1.48,
              "color": "#8B4513",
              "name": "belt"
            },
            {
              "type": "box",
              "width": 18,
              "height": 12,
              "depth": 3,
              "x": 0,
              "y": 40,
              "z": 4.5,
              "color": "#FFD700",
              "name": "beard"
            },
            {
              "type": "box",
              "width": 20,
              "height": 8,
              "depth": 8,
              "x": 0,
              "y": 51,
              "z": 1.5,
              "color": "#A0522D",
              "name": "helmet-top"
            },
            {
              "type": "box",
              "width": 22,
              "height": 4.7,
              "depth": 14.5,
              "x": 0,
              "y": 49.1,
              "z": 1,
              "color": "#A9A9A9",
              "name": "helmet-band"
            },
            {
              "type": "box",
              "width": 12,
              "height": 6,
              "depth": 2,
              "x": 0,
              "y": 45,
              "z": -5,
              "color": "#ffd700",
              "name": "hair"
            },
            {
              "type": "box",
              "width": 16,
              "height": 20,
              "depth": 2,
              "x": 0,
              "y": 28,
              "z": -6,
              "color": "#CD853F",
              "name": "cape"
            },
            {
              "type": "cylinder",
              "size": 9,
              "height": 5,
              "x": -12,
              "y": 24,
              "z": 1.5,
              "color": "#A9A9A9",
              "name": "bracelet-right",
              "rotationZ": 0,
              "rotationX": 0
            },
            {
              "type": "cylinder",
              "size": 9,
              "height": 5,
              "x": 12,
              "y": 24,
              "z": 1.5,
              "color": "#A9A9A9",
              "name": "bracelet-left",
              "rotationZ": 0,
              "rotationX": 0
            },
            {
              "type": "cylinder",
              "size": 12,
              "height": 1,
              "x": -12,
              "y": 18,
              "z": 9,
              "color": "#cd853f",
              "name": "shield-wood",
              "rotationZ": 0,
              "rotationX": 90
            },
            {
              "type": "cylinder",
              "size": 16,
              "height": 2,
              "x": -12,
              "y": 18,
              "z": 8,
              "color": "#A9A9A9",
              "name": "shield",
              "rotationZ": 0,
              "rotationX": 90
            },
            {
              "type": "cylinder",
              "size": 2,
              "height": 35,
              "x": 12,
              "y": 18,
              "z": 1.48,
              "color": "#8B4513",
              "name": "axe-handle",
              "rotationZ": 0,
              "rotationX": 90
            },
            {
              "type": "box",
              "width": 2,
              "height": 14,
              "depth": 12,
              "x": 12,
              "y": 18,
              "z": 15,
              "color": "#A9A9A9",
              "name": "axe-head",
              "rotationY": 0,
              "rotationZ": 0,
              "rotationX": 0
            },
            {
              "type": "cone",
              "size": 6,
              "height": 4,
              "x": 12,
              "y": 18,
              "z": 21.5,
              "rotationX": 90,
              "color": "#A9A9A9",
              "name": "axe-spike"
            },
            {
              "type": "cone",
              "size": 4,
              "height": 10,
              "x": 5,
              "y": 58,
              "z": 1.5,
              "rotationX": 0,
              "color": "#858585",
              "name": "helmet-horn-right",
              "rotationZ": -30
            },
            {
              "type": "cone",
              "size": 4,
              "height": 10,
              "x": -5,
              "y": 58,
              "z": 1.5,
              "rotationX": 0,
              "color": "#858585",
              "name": "helmet-horn-left",
              "rotationZ": 30
            }
          ]
        }
      ],
      "walk": [
        {
          "shapes": [
            {
              "type": "box",
              "width": 14,
              "height": 18,
              "depth": 10,
              "x": 0,
              "y": 28.75,
              "z": 1.48,
              "color": "#8B4513",
              "name": "torso"
            },
            {
              "type": "sphere",
              "size": 15,
              "x": 0,
              "y": 43.75,
              "z": 1.48,
              "color": "#e8c9a0",
              "name": "head"
            },
            {
              "type": "box",
              "width": 5,
              "height": 4,
              "depth": 6,
              "x": 0,
              "y": 43.75,
              "z": 7.48,
              "color": "#E8C9A0",
              "name": "nose"
            },
            {
              "type": "box",
              "width": 12,
              "height": 3,
              "depth": 6,
              "x": 0,
              "y": 40.25,
              "z": 5.48,
              "color": "#ecb69b",
              "name": "jaw"
            },
            {
              "type": "sphere",
              "size": 4,
              "x": 4.5,
              "y": 45.75,
              "z": 5.98,
              "color": "#87CEFA",
              "name": "eye-right"
            },
            {
              "type": "sphere",
              "size": 1.5,
              "x": 5,
              "y": 45.75,
              "z": 7.48,
              "color": "#000000",
              "name": "pupil-right"
            },
            {
              "type": "sphere",
              "size": 4,
              "x": -4.5,
              "y": 45.75,
              "z": 5.98,
              "color": "#87CEFA",
              "name": "eye-left"
            },
            {
              "type": "sphere",
              "size": 1.5,
              "x": -5,
              "y": 45.75,
              "z": 7.48,
              "color": "#000000",
              "name": "pupil-left"
            },
            {
              "type": "box",
              "width": 6,
              "height": 20,
              "depth": 6,
              "x": 12,
              "y": 29.75,
              "z": 1.48,
              "color": "#8B4513",
              "name": "arm-right"
            },
            {
              "type": "box",
              "width": 6,
              "height": 20,
              "depth": 6,
              "x": -12,
              "y": 29.75,
              "z": 1.48,
              "color": "#8B4513",
              "name": "arm-left"
            },
            {
              "type": "box",
              "width": 8,
              "height": 5,
              "depth": 7,
              "x": 12,
              "y": 17.75,
              "z": 2.48,
              "color": "#E8C9A0",
              "name": "hand-right"
            },
            {
              "type": "box",
              "width": 8,
              "height": 5,
              "depth": 7,
              "x": -12,
              "y": 17.75,
              "z": 2.48,
              "color": "#E8C9A0",
              "name": "hand-left"
            },
            {
              "type": "box",
              "width": 6,
              "height": 15,
              "depth": 6,
              "x": 4,
              "y": 9.75,
              "z": 1.48,
              "color": "#8B4513",
              "name": "leg-right"
            },
            {
              "type": "box",
              "width": 6,
              "height": 15,
              "depth": 6,
              "x": -4,
              "y": 9.75,
              "z": 1.48,
              "color": "#8B4513",
              "name": "leg-left"
            },
            {
              "type": "box",
              "width": 7,
              "height": 3,
              "depth": 10,
              "x": 4,
              "y": 1.75,
              "z": 3.48,
              "color": "#3B3B3B",
              "name": "foot-right"
            },
            {
              "type": "box",
              "width": 7,
              "height": 3,
              "depth": 10,
              "x": -4,
              "y": 1.75,
              "z": 3.48,
              "color": "#3B3B3B",
              "name": "foot-left"
            },
            {
              "type": "box",
              "width": 15,
              "height": 3,
              "depth": 11,
              "x": 0,
              "y": 19.75,
              "z": 1.48,
              "color": "#8B4513",
              "name": "belt"
            },
            {
              "type": "box",
              "width": 18,
              "height": 12,
              "depth": 3,
              "x": 0,
              "y": 40,
              "z": 4.5,
              "color": "#FFD700",
              "name": "beard"
            },
            {
              "type": "box",
              "width": 20,
              "height": 8,
              "depth": 8,
              "x": 0,
              "y": 51,
              "z": 1.5,
              "color": "#A0522D",
              "name": "helmet-top"
            },
            {
              "type": "box",
              "width": 22,
              "height": 4.7,
              "depth": 14.5,
              "x": 0,
              "y": 49.1,
              "z": 1,
              "color": "#A9A9A9",
              "name": "helmet-band"
            },
            {
              "type": "box",
              "width": 12,
              "height": 6,
              "depth": 2,
              "x": 0,
              "y": 45,
              "z": -5,
              "color": "#ffd700",
              "name": "hair"
            },
            {
              "type": "box",
              "width": 16,
              "height": 20,
              "depth": 2,
              "x": 0,
              "y": 28,
              "z": -6,
              "color": "#CD853F",
              "name": "cape"
            },
            {
              "type": "cylinder",
              "size": 9,
              "height": 5,
              "x": -12,
              "y": 24,
              "z": 1.5,
              "color": "#A9A9A9",
              "name": "bracelet-right",
              "rotationZ": 0,
              "rotationX": null
            },
            {
              "type": "cylinder",
              "size": 9,
              "height": 5,
              "x": 12,
              "y": 24,
              "z": 1.5,
              "color": "#A9A9A9",
              "name": "bracelet-left",
              "rotationZ": 0,
              "rotationX": 0
            },
            {
              "type": "cylinder",
              "size": 12,
              "height": 1,
              "x": -12,
              "y": 18,
              "z": 9,
              "color": "#cd853f",
              "name": "shield-wood",
              "rotationZ": 0,
              "rotationX": 90
            },
            {
              "type": "cylinder",
              "size": 16,
              "height": 2,
              "x": -12,
              "y": 18,
              "z": 8,
              "color": "#A9A9A9",
              "name": "shield",
              "rotationZ": 0,
              "rotationX": 90
            },
            {
              "type": "cylinder",
              "size": 2,
              "height": 35,
              "x": 12,
              "y": 18,
              "z": 1.48,
              "color": "#8B4513",
              "name": "axe-handle",
              "rotationZ": 0,
              "rotationX": 90
            },
            {
              "type": "box",
              "width": 2,
              "height": 14,
              "depth": 12,
              "x": 12,
              "y": 18,
              "z": 15,
              "color": "#A9A9A9",
              "name": "axe-head",
              "rotationY": 0
            },
            {
              "type": "cone",
              "size": 6,
              "height": 4,
              "x": 12,
              "y": 18,
              "z": 21.5,
              "rotationX": 90,
              "color": "#A9A9A9",
              "name": "axe-spike"
            },
            {
              "type": "cone",
              "size": 4,
              "height": 10,
              "x": 5,
              "y": 58,
              "z": 1.5,
              "rotationX": 0,
              "color": "#858585",
              "name": "helmet-horn-right",
              "rotationZ": -30
            },
            {
              "type": "cone",
              "size": 4,
              "height": 10,
              "x": -5,
              "y": 58,
              "z": 1.5,
              "rotationX": 0,
              "color": "#858585",
              "name": "helmet-horn-left",
              "rotationZ": 30
            }
          ]
        },
        {
          "shapes": [
            {
              "type": "box",
              "width": 14,
              "height": 18,
              "depth": 10,
              "x": 0,
              "y": 28.75,
              "z": 5.48,
              "color": "#8B4513",
              "name": "torso"
            },
            {
              "type": "sphere",
              "size": 15,
              "x": 0,
              "y": 43.75,
              "z": 5.48,
              "color": "#e8c9a0",
              "name": "head"
            },
            {
              "type": "box",
              "width": 5,
              "height": 4,
              "depth": 6,
              "x": 0,
              "y": 43.75,
              "z": 11.48,
              "color": "#E8C9A0",
              "name": "nose"
            },
            {
              "type": "box",
              "width": 12,
              "height": 3,
              "depth": 6,
              "x": 0,
              "y": 40.25,
              "z": 9.48,
              "color": "#ecb69b",
              "name": "jaw"
            },
            {
              "type": "sphere",
              "size": 4,
              "x": 4.5,
              "y": 45.75,
              "z": 9.98,
              "color": "#87CEFA",
              "name": "eye-left"
            },
            {
              "type": "sphere",
              "size": 1.5,
              "x": 5,
              "y": 45.75,
              "z": 11.48,
              "color": "#000000",
              "name": "pupil-left"
            },
            {
              "type": "sphere",
              "size": 4,
              "x": -4.5,
              "y": 45.75,
              "z": 9.98,
              "color": "#87CEFA",
              "name": "eye-right"
            },
            {
              "type": "sphere",
              "size": 1.5,
              "x": -5,
              "y": 45.75,
              "z": 11.48,
              "color": "#000000",
              "name": "pupil-right"
            },
            {
              "type": "box",
              "width": 6,
              "height": 20,
              "depth": 6,
              "x": 12,
              "y": 31.75,
              "z": 5.48,
              "color": "#8B4513",
              "name": "arm-left",
              "rotationX": -20
            },
            {
              "type": "box",
              "width": 6,
              "height": 20,
              "depth": 6,
              "x": -12,
              "y": 31.75,
              "z": 5.48,
              "color": "#8B4513",
              "name": "arm-right",
              "rotationX": 20
            },
            {
              "type": "box",
              "width": 8,
              "height": 5,
              "depth": 7,
              "x": 12,
              "y": 24.75,
              "z": 15.48,
              "color": "#E8C9A0",
              "name": "hand-left"
            },
            {
              "type": "box",
              "width": 8,
              "height": 5,
              "depth": 7,
              "x": -12,
              "y": 24.75,
              "z": 2,
              "color": "#E8C9A0",
              "name": "hand-right",
              "rotationX": 105
            },
            {
              "type": "box",
              "width": 6,
              "height": 15,
              "depth": 6,
              "x": 4,
              "y": 9.75,
              "z": 10,
              "color": "#8B4513",
              "name": "leg-left",
              "rotationX": -15
            },
            {
              "type": "box",
              "width": 6,
              "height": 15,
              "depth": 6,
              "x": -4,
              "y": 12.75,
              "z": 1.48,
              "color": "#8B4513",
              "name": "leg-right",
              "rotationX": 5
            },
            {
              "type": "box",
              "width": 7,
              "height": 3,
              "depth": 10,
              "x": 4,
              "y": 2.75,
              "z": 13,
              "color": "#3B3B3B",
              "name": "foot-left"
            },
            {
              "type": "box",
              "width": 7,
              "height": 3,
              "depth": 10,
              "x": -4,
              "y": 4.75,
              "z": 2,
              "color": "#3B3B3B",
              "name": "foot-right"
            },
            {
              "type": "box",
              "width": 15,
              "height": 3,
              "depth": 11,
              "x": 0,
              "y": 19.75,
              "z": 5.48,
              "color": "#8B4513",
              "name": "belt"
            },
            {
              "type": "box",
              "width": 18,
              "height": 12,
              "depth": 3,
              "x": 0,
              "y": 40,
              "z": 8.5,
              "color": "#FFD700",
              "name": "beard"
            },
            {
              "type": "box",
              "width": 20,
              "height": 8,
              "depth": 8,
              "x": 0,
              "y": 51,
              "z": 5.5,
              "color": "#A0522D",
              "name": "helmet-top"
            },
            {
              "type": "box",
              "width": 22,
              "height": 4.7,
              "depth": 14.5,
              "x": 0,
              "y": 49.1,
              "z": 5,
              "color": "#A9A9A9",
              "name": "helmet-band"
            },
            {
              "type": "box",
              "width": 12,
              "height": 6,
              "depth": 2,
              "x": 0,
              "y": 45,
              "z": -1,
              "color": "#ffd700",
              "name": "hair"
            },
            {
              "type": "box",
              "width": 16,
              "height": 20,
              "depth": 2,
              "x": 0,
              "y": 28,
              "z": -1,
              "color": "#CD853F",
              "name": "cape",
              "rotationX": -10
            },
            {
              "type": "cylinder",
              "size": 9,
              "height": 5,
              "x": -12,
              "y": 30,
              "z": 5,
              "color": "#A9A9A9",
              "name": "bracelet-right",
              "rotationZ": 0,
              "rotationX": 20
            },
            {
              "type": "cylinder",
              "size": 9,
              "height": 5,
              "x": 12,
              "y": 30,
              "z": 6,
              "color": "#A9A9A9",
              "name": "bracelet-left",
              "rotationZ": 0,
              "rotationX": -20
            },
            {
              "type": "cylinder",
              "size": 12,
              "height": 1,
              "x": -14,
              "y": 25,
              "z": 8,
              "color": "#cd853f",
              "name": "shield-wood",
              "rotationZ": 30,
              "rotationX": 110,
              "rotationY": 0
            },
            {
              "type": "cylinder",
              "size": 16,
              "height": 2,
              "x": -14,
              "y": 25,
              "z": 7,
              "color": "#A9A9A9",
              "name": "shield",
              "rotationZ": 30,
              "rotationX": 110
            },
            {
              "type": "cylinder",
              "size": 2,
              "height": 35,
              "x": 12,
              "y": 25,
              "z": 15.48,
              "color": "#8B4513",
              "name": "axe-handle",
              "rotationZ": 0,
              "rotationX": 0
            },
            {
              "type": "box",
              "width": 2,
              "height": 14,
              "depth": 12,
              "x": 12,
              "y": 38,
              "z": 15.5,
              "color": "#A9A9A9",
              "name": "axe-head",
              "rotationX": 90
            },
            {
              "type": "cone",
              "size": 6,
              "height": 4,
              "x": 12,
              "y": 46,
              "z": 15.5,
              "rotationY": 90,
              "color": "#A9A9A9",
              "name": "axe-spike"
            },
            {
              "type": "cone",
              "size": 4,
              "height": 10,
              "x": 5,
              "y": 58,
              "z": 5.5,
              "rotationX": 0,
              "color": "#858585",
              "name": "helmet-horn-right",
              "rotationZ": -30
            },
            {
              "type": "cone",
              "size": 4,
              "height": 10,
              "x": -5,
              "y": 58,
              "z": 5.5,
              "rotationX": 0,
              "color": "#858585",
              "name": "helmet-horn-left",
              "rotationZ": 30
            }
          ]
        },
        {
          "shapes": [
            {
              "type": "box",
              "width": 14,
              "height": 18,
              "depth": 10,
              "x": 0,
              "y": 28.75,
              "z": 1.48,
              "color": "#8B4513",
              "name": "torso"
            },
            {
              "type": "sphere",
              "size": 15,
              "x": 0,
              "y": 43.75,
              "z": 1.48,
              "color": "#e8c9a0",
              "name": "head"
            },
            {
              "type": "box",
              "width": 5,
              "height": 4,
              "depth": 6,
              "x": 0,
              "y": 43.75,
              "z": 7.48,
              "color": "#E8C9A0",
              "name": "nose"
            },
            {
              "type": "box",
              "width": 12,
              "height": 3,
              "depth": 6,
              "x": 0,
              "y": 40.25,
              "z": 5.48,
              "color": "#ecb69b",
              "name": "jaw"
            },
            {
              "type": "sphere",
              "size": 4,
              "x": 4.5,
              "y": 45.75,
              "z": 5.98,
              "color": "#87CEFA",
              "name": "eye-right"
            },
            {
              "type": "sphere",
              "size": 1.5,
              "x": 5,
              "y": 45.75,
              "z": 7.48,
              "color": "#000000",
              "name": "pupil-right"
            },
            {
              "type": "sphere",
              "size": 4,
              "x": -4.5,
              "y": 45.75,
              "z": 5.98,
              "color": "#87CEFA",
              "name": "eye-left"
            },
            {
              "type": "sphere",
              "size": 1.5,
              "x": -5,
              "y": 45.75,
              "z": 7.48,
              "color": "#000000",
              "name": "pupil-left"
            },
            {
              "type": "box",
              "width": 6,
              "height": 20,
              "depth": 6,
              "x": 12,
              "y": 29.75,
              "z": 1.48,
              "color": "#8B4513",
              "name": "arm-right"
            },
            {
              "type": "box",
              "width": 6,
              "height": 20,
              "depth": 6,
              "x": -12,
              "y": 29.75,
              "z": 1.48,
              "color": "#8B4513",
              "name": "arm-left"
            },
            {
              "type": "box",
              "width": 8,
              "height": 5,
              "depth": 7,
              "x": 12,
              "y": 17.75,
              "z": 2.48,
              "color": "#E8C9A0",
              "name": "hand-right"
            },
            {
              "type": "box",
              "width": 8,
              "height": 5,
              "depth": 7,
              "x": -12,
              "y": 17.75,
              "z": 2.48,
              "color": "#E8C9A0",
              "name": "hand-left"
            },
            {
              "type": "box",
              "width": 6,
              "height": 15,
              "depth": 6,
              "x": 4,
              "y": 9.75,
              "z": 1.48,
              "color": "#8B4513",
              "name": "leg-right"
            },
            {
              "type": "box",
              "width": 6,
              "height": 15,
              "depth": 6,
              "x": -4,
              "y": 9.75,
              "z": 1.48,
              "color": "#8B4513",
              "name": "leg-left"
            },
            {
              "type": "box",
              "width": 7,
              "height": 3,
              "depth": 10,
              "x": 4,
              "y": 1.75,
              "z": 3.48,
              "color": "#3B3B3B",
              "name": "foot-right"
            },
            {
              "type": "box",
              "width": 7,
              "height": 3,
              "depth": 10,
              "x": -4,
              "y": 1.75,
              "z": 3.48,
              "color": "#3B3B3B",
              "name": "foot-left"
            },
            {
              "type": "box",
              "width": 15,
              "height": 3,
              "depth": 11,
              "x": 0,
              "y": 19.75,
              "z": 1.48,
              "color": "#8B4513",
              "name": "belt"
            },
            {
              "type": "box",
              "width": 18,
              "height": 12,
              "depth": 3,
              "x": 0,
              "y": 40,
              "z": 4.5,
              "color": "#FFD700",
              "name": "beard"
            },
            {
              "type": "box",
              "width": 20,
              "height": 8,
              "depth": 8,
              "x": 0,
              "y": 51,
              "z": 1.5,
              "color": "#A0522D",
              "name": "helmet-top"
            },
            {
              "type": "box",
              "width": 22,
              "height": 4.7,
              "depth": 14.5,
              "x": 0,
              "y": 49.1,
              "z": 1,
              "color": "#A9A9A9",
              "name": "helmet-band"
            },
            {
              "type": "box",
              "width": 12,
              "height": 6,
              "depth": 2,
              "x": 0,
              "y": 45,
              "z": -5,
              "color": "#ffd700",
              "name": "hair"
            },
            {
              "type": "box",
              "width": 16,
              "height": 20,
              "depth": 2,
              "x": 0,
              "y": 28,
              "z": -6,
              "color": "#CD853F",
              "name": "cape"
            },
            {
              "type": "cylinder",
              "size": 9,
              "height": 5,
              "x": -12,
              "y": 24,
              "z": 1.5,
              "color": "#A9A9A9",
              "name": "bracelet-right",
              "rotationZ": 0,
              "rotationX": 0
            },
            {
              "type": "cylinder",
              "size": 9,
              "height": 5,
              "x": 12,
              "y": 24,
              "z": 1.5,
              "color": "#A9A9A9",
              "name": "bracelet-left",
              "rotationZ": 0,
              "rotationX": 0
            },
            {
              "type": "cylinder",
              "size": 12,
              "height": 1,
              "x": -12,
              "y": 18,
              "z": 9,
              "color": "#cd853f",
              "name": "shield-wood",
              "rotationZ": 0,
              "rotationX": 90
            },
            {
              "type": "cylinder",
              "size": 16,
              "height": 2,
              "x": -12,
              "y": 18,
              "z": 8,
              "color": "#A9A9A9",
              "name": "shield",
              "rotationZ": 0,
              "rotationX": 90
            },
            {
              "type": "cylinder",
              "size": 2,
              "height": 35,
              "x": 12,
              "y": 18,
              "z": 1.48,
              "color": "#8B4513",
              "name": "axe-handle",
              "rotationZ": 0,
              "rotationX": 90
            },
            {
              "type": "box",
              "width": 2,
              "height": 14,
              "depth": 12,
              "x": 12,
              "y": 18,
              "z": 15,
              "color": "#A9A9A9",
              "name": "axe-head",
              "rotationY": 0
            },
            {
              "type": "cone",
              "size": 6,
              "height": 4,
              "x": 12,
              "y": 18,
              "z": 21.5,
              "rotationX": 90,
              "color": "#A9A9A9",
              "name": "axe-spike"
            },
            {
              "type": "cone",
              "size": 4,
              "height": 10,
              "x": 5,
              "y": 58,
              "z": 1.5,
              "rotationX": 0,
              "color": "#858585",
              "name": "helmet-horn-right",
              "rotationZ": -30
            },
            {
              "type": "cone",
              "size": 4,
              "height": 10,
              "x": -5,
              "y": 58,
              "z": 1.5,
              "rotationX": 0,
              "color": "#858585",
              "name": "helmet-horn-left",
              "rotationZ": 30
            }
          ]
        },
        {
          "shapes": [
            {
              "type": "box",
              "width": 14,
              "height": 18,
              "depth": 10,
              "x": 0,
              "y": 27.75,
              "z": 5.48,
              "color": "#8B4513",
              "name": "torso"
            },
            {
              "type": "sphere",
              "size": 15,
              "x": 0,
              "y": 42.75,
              "z": 5.48,
              "color": "#e8c9a0",
              "name": "head"
            },
            {
              "type": "box",
              "width": 5,
              "height": 4,
              "depth": 6,
              "x": 0,
              "y": 42.75,
              "z": 11.48,
              "color": "#E8C9A0",
              "name": "nose"
            },
            {
              "type": "box",
              "width": 12,
              "height": 3,
              "depth": 6,
              "x": 0,
              "y": 39.25,
              "z": 9.48,
              "color": "#ecb69b",
              "name": "jaw"
            },
            {
              "type": "sphere",
              "size": 4,
              "x": 4.5,
              "y": 44.75,
              "z": 9.98,
              "color": "#87CEFA",
              "name": "eye-right"
            },
            {
              "type": "sphere",
              "size": 1.5,
              "x": 5,
              "y": 44.75,
              "z": 11.48,
              "color": "#000000",
              "name": "pupil-right"
            },
            {
              "type": "sphere",
              "size": 4,
              "x": -4.5,
              "y": 44.75,
              "z": 9.98,
              "color": "#87CEFA",
              "name": "eye-left"
            },
            {
              "type": "sphere",
              "size": 1.5,
              "x": -5,
              "y": 44.75,
              "z": 11.48,
              "color": "#000000",
              "name": "pupil-left"
            },
            {
              "type": "box",
              "width": 6,
              "height": 20,
              "depth": 6,
              "x": 12,
              "y": 28.75,
              "z": 5.48,
              "color": "#8B4513",
              "name": "arm-right",
              "rotationX": 20
            },
            {
              "type": "box",
              "width": 6,
              "height": 20,
              "depth": 6,
              "x": -12,
              "y": 28.75,
              "z": 5.48,
              "color": "#8B4513",
              "name": "arm-left",
              "rotationX": -20
            },
            {
              "type": "box",
              "width": 8,
              "height": 5,
              "depth": 7,
              "x": 12,
              "y": 20.75,
              "z": -4.52,
              "color": "#E8C9A0",
              "name": "hand-right"
            },
            {
              "type": "box",
              "width": 8,
              "height": 5,
              "depth": 7,
              "x": -12,
              "y": 20.75,
              "z": 15,
              "color": "#E8C9A0",
              "name": "hand-left"
            },
            {
              "type": "box",
              "width": 6,
              "height": 15,
              "depth": 6,
              "x": 4,
              "y": 12.75,
              "z": 1.48,
              "color": "#8B4513",
              "name": "leg-right",
              "rotationX": 5
            },
            {
              "type": "box",
              "width": 6,
              "height": 15,
              "depth": 6,
              "x": -4,
              "y": 9.75,
              "z": 10,
              "color": "#8B4513",
              "name": "leg-left",
              "rotationX": -15
            },
            {
              "type": "box",
              "width": 7,
              "height": 3,
              "depth": 10,
              "x": 4,
              "y": 4.75,
              "z": 1.48,
              "color": "#3B3B3B",
              "name": "foot-right"
            },
            {
              "type": "box",
              "width": 7,
              "height": 3,
              "depth": 10,
              "x": -4,
              "y": 2.75,
              "z": 13,
              "color": "#3B3B3B",
              "name": "foot-left"
            },
            {
              "type": "box",
              "width": 15,
              "height": 3,
              "depth": 11,
              "x": 0,
              "y": 18.75,
              "z": 5.48,
              "color": "#8B4513",
              "name": "belt"
            },
            {
              "type": "box",
              "width": 18,
              "height": 12,
              "depth": 3,
              "x": 0,
              "y": 39,
              "z": 8.5,
              "color": "#FFD700",
              "name": "beard"
            },
            {
              "type": "box",
              "width": 20,
              "height": 8,
              "depth": 8,
              "x": 0,
              "y": 50,
              "z": 5.5,
              "color": "#A0522D",
              "name": "helmet-top"
            },
            {
              "type": "box",
              "width": 22,
              "height": 4.7,
              "depth": 14.5,
              "x": 0,
              "y": 48.1,
              "z": 5,
              "color": "#A9A9A9",
              "name": "helmet-band"
            },
            {
              "type": "box",
              "width": 12,
              "height": 6,
              "depth": 2,
              "x": 0,
              "y": 44,
              "z": -1,
              "color": "#ffd700",
              "name": "hair"
            },
            {
              "type": "box",
              "width": 16,
              "height": 20,
              "depth": 2,
              "x": 0,
              "y": 27,
              "z": -1,
              "color": "#CD853F",
              "name": "cape",
              "rotationX": -10
            },
            {
              "type": "cylinder",
              "size": 9,
              "height": 5,
              "x": -12,
              "y": 24,
              "z": 7,
              "color": "#A9A9A9",
              "name": "bracelet-right",
              "rotationZ": 0,
              "rotationX": -20
            },
            {
              "type": "cylinder",
              "size": 9,
              "height": 5,
              "x": 12,
              "y": 24,
              "z": 4,
              "color": "#A9A9A9",
              "name": "bracelet-left",
              "rotationZ": 0,
              "rotationX": 15
            },
            {
              "type": "cylinder",
              "size": 12,
              "height": 1,
              "x": -12,
              "y": 21,
              "z": 19,
              "color": "#cd853f",
              "name": "shield-wood",
              "rotationZ": 0,
              "rotationX": 75
            },
            {
              "type": "cylinder",
              "size": 16,
              "height": 2,
              "x": -12,
              "y": 21,
              "z": 17.48,
              "color": "#A9A9A9",
              "name": "shield",
              "rotationZ": 0,
              "rotationX": 75
            },
            {
              "type": "cylinder",
              "size": 2,
              "height": 35,
              "x": 12,
              "y": 21,
              "z": -4.52,
              "color": "#8B4513",
              "name": "axe-handle",
              "rotationZ": 0,
              "rotationX": 0
            },
            {
              "type": "box",
              "width": 2,
              "height": 12,
              "depth": 14,
              "x": 12,
              "y": 10,
              "z": -4.5,
              "color": "#A9A9A9",
              "name": "axe-head",
              "rotationX": 0
            },
            {
              "type": "cone",
              "size": 6,
              "height": 4,
              "x": 12,
              "y": 2,
              "z": -5,
              "rotationY": 0,
              "color": "#A9A9A9",
              "name": "axe-spike",
              "rotationX": 180
            },
            {
              "type": "cone",
              "size": 4,
              "height": 10,
              "x": 5,
              "y": 57,
              "z": 5.5,
              "rotationX": 0,
              "color": "#858585",
              "name": "helmet-horn-right",
              "rotationZ": -30
            },
            {
              "type": "cone",
              "size": 4,
              "height": 10,
              "x": -5,
              "y": 57,
              "z": 5.5,
              "rotationX": 0,
              "color": "#858585",
              "name": "helmet-horn-left",
              "rotationZ": 30
            }
          ]
        }
      ]
    }
  },
  "coldResistance": 75,
  "title": "Viking"
}